_source_tag,report_name,local_authority_name,region,doc_type,date_published,n_mentions_pct,pct_usage_quote,pdf_url,_download_status,_idx,_source,_url,combined_authority_name,extraction_notes,has_text_layer,how_pct_was_used,length_of_cycle_network_proposed,length_of_network_km,mentions_pct,other_tools_developed,other_tools_used,pct_data_sources,pct_desire_lines_used,pct_scenarios_used,pct_term_breakdown,pct_usage_depth,prioritisation_integration,routes,specific_evidence_of_impact,total_cost_of_network,total_cost_pounds
2026,Local Cycling and Walking Infrastructure Plan (LCWIP),"Liverpool City Region Combined Authority (LCRCA), in partnership with Halton, Knowsley, Liverpool, Sefton, St Helens, and Wirral councils.[1]",North West England,LCWIP,September 2023,6,"The PCT shows that there are many parts of the LCR that are relatively flat and close to major employment destinations, yet currently still only have very low numbers of people cycling.",https://api.liverpoolcityregion-ca.gov.uk/wp-content/uploads/2023/09/LCR-LCWIP-Final.pdf,ok,1,seed-94db,https://api.liverpoolcityregion-ca.gov.uk/wp-content/uploads/2023/09/LCR-LCWIP-Final.pdf,Liverpool City Region Combined Authority,,True,"The PCT was used to identify potential for change, analyze cycling propensity in areas close to employment, and highlight the potential for increased cycling levels in the LCR under different scenarios.",up to 600km of cycling and walking routes,600,True,Walking Audit Methodology for Liverpool City Region (developed with WSP),"[""Route Selection Tool (RST)"", ""Walking Route Audit Tool (WRAT)"", ""Walking Audit Methodology for Liverpool City Region"", ""Active Mode Appraisal Tool (AMAT)"", ""Walkability Tool""]","[""Census 2011 commuting""]",True,"[""Government Target"", ""Go Dutch""]","{""pct"": 5, ""propensity_to_cycle_tool"": 1, ""pct_bike"": 0}",2 - Contextual background / data input,True,31,"Phase 1 funding of £16.7m has been secured, comprising £8.35m of European Regional Development Funding (ERDF) Sustainable Urban Development (SUD), £4.8m LCR Transforming Cities Funding, and £3.5m Local Authority match funding, enabling the delivery of 55km of new and upgraded cycling and walking routes.",in excess of £250m,250000000
2026,Warwickshire Local Cycling and Walking Infrastructure Plan,Warwickshire County Council,West Midlands,LCWIP,February 2024,2,Propensity to Cycle Tool (PCT),https://api.warwickshire.gov.uk/documents/WCCC-1615347118-1427,ok,2,seed-94db,https://api.warwickshire.gov.uk/documents/WCCC-1615347118-1427,West Midlands Combined Authority,,True,,,,True,"The document mentions the use of a 'Route Selection Tool', 'Walking Route Audit Tool', 'Cycling Level of Service', 'Healthy Streets Design Check England', 'Active Mode Appraisal Toolkit', 'Health Equity Assessment Tool (HEAT)', 'Cycling Infrastructure Prioritisation Toolkit (CyIPT)', and a 'Cycle Audit' developed by Warwickshire County Council.","[""Route Selection Tool"", ""Walking Route Audit Tool"", ""Walking, Cycling and Horse-Riding Assessment and Review (WCHAR)"", ""Road Safety Audit"", ""Cycling Level of Service"", ""Healthy Streets Design Check England"", ""Active Mode Appraisal Toolkit"", ""Health Equity Assessment Tool (HEAT)"", ""Cycling Infrastructure Prioritisation Toolkit (CyIPT)"", ""Equality Impact Assessment"", ""Cycle Audit""]",,True,,"{""pct"": 1, ""propensity_to_cycle_tool"": 1, ""pct_bike"": 0}",1 - Passing mention,,,"The 2018 Cycling Infrastructure Task and Finish Group Report led to an ambitious programme of capital investment in cycling improvements, and the 2021 Commonplace survey and 2022 LCWIP consultation feedback were used to update the LCWIP and develop network proposals.",,
2026,Active Travel in Greater Manchester Annual Report 2025,,North West,other,2025,0,,https://assets.ctfassets.net/xfhv954w443t/6I3qoqrkOLeiXUA5CVZcAz/f4203328d488aa76a0f1f5aa57aaf1d9/Greater_Manchester_Active_Travel_Annual_Report_2025.pdf,ok,3,web-search,https://assets.ctfassets.net/xfhv954w443t/6I3qoqrkOLeiXUA5CVZcAz/f4203328d488aa76a0f1f5aa57aaf1d9/Greater_Manchester_Active_Travel_Annual_Report_2025.pdf,Greater Manchester Combined Authority,,True,,"over 2,700km",2700,False,,,,,,"{""pct"": 0, ""propensity_to_cycle_tool"": 0, ""pct_bike"": 0}",0 - None,,,,,
2026,Cycle Infrastructure Design,Department for Transport (National Guidance),,other,July 2020,2,,https://assets.publishing.service.gov.uk/media/5ffa1f96d3bf7f65d9e35825/cycle-infrastructure-design-ltn-1-20.pdf,ok,4,seed-94db,https://assets.publishing.service.gov.uk/media/5ffa1f96d3bf7f65d9e35825/cycle-infrastructure-design-ltn-1-20.pdf,,,True,"The Propensity to Cycle Tool (PCT) is used to analyze local trip patterns based on Census Journey to Work and school travel data, and to build a picture of relative cycle flows in different parts of the network to inform demand-based planning.",,,True,"Cycling Level of Service (CLoS) tool, Junction Assessment Tool (JAT), and Route Selection Tool (RST)","[""Cycling Level of Service (CLoS)"", ""Junction Assessment Tool (JAT)"", ""Route Selection Tool (RST)""]","[""Census 2011 commuting"", ""School travel demand""]",True,"[""Baseline""]","{""pct"": 0, ""propensity_to_cycle_tool"": 1, ""pct_bike"": 1}",2 - Contextual background / data input,,,"The tool is used to allocate trips to the transport network to build a picture of relative cycle flows, helping to identify gaps in the cycle network and prioritize infrastructure interventions.",,
2026,Local Authority Active Travel Capability Ratings 2025,,,other,December 2025,0,,https://assets.publishing.service.gov.uk/media/6939a16933c7ace9c4a41f8b/local-authority-active-travel-capability-ratings-2025.pdf,ok,5,web-search,https://assets.publishing.service.gov.uk/media/6939a16933c7ace9c4a41f8b/local-authority-active-travel-capability-ratings-2025.pdf,,,True,,26-mile ‘Gloucestershire Cycle Spine’,,False,,,,,,"{""pct"": 0, ""propensity_to_cycle_tool"": 0, ""pct_bike"": 0}",0 - None,,,,,
2026,Banbury Local Cycling and Walking Infrastructure Plan (LCWIP),Oxfordshire County Council,South East,LCWIP,July 2023,41,,https://banburycag.org.uk/wp-content/uploads/2025/01/Final-LCWIP.pdf,ok,6,web-search,https://banburycag.org.uk/wp-content/uploads/2025/01/Final-LCWIP.pdf,,,True,"The PCT was used to estimate cycling potential, identify existing and future cycling demand, and inform the prioritisation of the cycle network by highlighting routes with the largest numbers of potential cyclists.",,,True,Rapid Cycleway Prioritisation Tool,"[""Strava Global Heatmap"", ""Rapid Cycleway Prioritisation Tool"", ""CycleStreets""]","[""Census 2011 commuting"", ""School travel demand""]",True,"[""Baseline"", ""Go Dutch"", ""E-bike""]","{""pct"": 26, ""propensity_to_cycle_tool"": 15, ""pct_bike"": 0}",3 - Network design & mapping,True,25,"Public consultation feedback led to significant alterations to the final document, including updates to the clarity of proposals and changes to route maps. Additionally, new cycling infrastructure and facilities have been secured from development sites, including improvements to the tunnel under the M40, an off-carriageway cycle path along Old Daventry Road, off-road cycle lanes at the northern end of Warwick Road, and contributions towards upgrading the canal towpath.",,
2026,Local Cycling and Walking Infrastructure Plan – (LCWIP),Brentwood,East of England,LCWIP,2025,0,,https://brentwood.moderngov.co.uk/documents/s29126/Brentwood%20Committee%20Report%20Template%202025%20LCWIP%20final.pdf,ok,7,web-search,https://brentwood.moderngov.co.uk/documents/s29126/Brentwood%20Committee%20Report%20Template%202025%20LCWIP%20final.pdf,,,True,,,,False,,,,,,"{""pct"": 0, ""propensity_to_cycle_tool"": 0, ""pct_bike"": 0}",0 - None,,,,,
2026,Central Lancashire Local Cycling & Walking Infrastructure Plan,"Preston City Council, South Ribble Borough Council, Chorley Council",North West England,LCWIP,November 2024,20,The Propensity to Cycle Tool (PCT) has been utilised to analyse travel to work trips between key origins and destinations in the area.,https://centrallocalplan.lancashire.gov.uk/media/2053/it03-central-lancashire-local-cycling-and-walking-infrastructure-plan.pdf,ok,8,seed-94db,https://centrallocalplan.lancashire.gov.uk/media/2053/it03-central-lancashire-local-cycling-and-walking-infrastructure-plan.pdf,,,True,"The PCT was used to analyze travel-to-work trips between key origins and destinations, identifying potential demand for cycle commuter trips and informing the identification of desire lines across the three districts.",,,True,"Everyday Trips analysis using a grid system to identify origin clusters and potential trip destinations, and Strava Metro data analysis.","[""Strava""]","[""Census 2011 commuting""]",True,"[""E-bike""]","{""pct"": 16, ""propensity_to_cycle_tool"": 4, ""pct_bike"": 0}",2 - Contextual background / data input,,,"The LCWIP network was updated based on public consultation feedback, and the evidence base (including PCT and everyday trips analysis) was used to identify cycling corridors and core walking zones for future investment and infrastructure planning.",,
2026,Herefordshire Local Cycling and Walking Infrastructure Plan,Herefordshire Council,West Midlands,LCWIP-related,November 2023,9,"The Propensity to Cycle Tool (PCT) is a nationwide model that is used to identify where increases in the rates of cycling can be expected through the provision of better infrastructure. It uses Census ‘Travel to Work’ data and School travel data to assess trip distances, identifying where there may be scope for short journeys to be undertaken by cycling.",https://councillors.herefordshire.gov.uk/documents/s50113886/Herefordshire%20Local%20Cycling%20and%20Walking%20Infrastructure%20Plan.pdf,ok,9,seed-94db,https://councillors.herefordshire.gov.uk/documents/s50113886/Herefordshire%20Local%20Cycling%20and%20Walking%20Infrastructure%20Plan.pdf,,,True,"The PCT was used to identify where increases in cycling rates could be expected through better infrastructure by assessing trip distances and potential for short journeys, specifically utilizing the 'E-bike' scenario to provide an ambitious, long-term outlook for cycling demand.",,,True,A prioritisation matrix for walking and cycling routes is being developed to establish the priority order of routes.,"[""Strava"", ""CLOS"", ""WRAT""]","[""Census 2011 commuting"", ""School travel demand""]",True,"[""E-bike""]","{""pct"": 7, ""propensity_to_cycle_tool"": 2, ""pct_bike"": 0}",2 - Contextual background / data input,True,,"The council was granted £67,124 from Active Travel England’s Capability Fund in February 2023 to develop the countywide LCWIP and purchase an active travel sensor for the St Owen St contraflow scheme.",,
2026,Crawley Local Cycling and Walking Infrastructure Plan,Crawley Borough Council,South East,LCWIP,July 2023,16,The Propensity to Cycle Tool (PCT) aims to identify likely route corridors where cycling has the greatest potential to grow and provides estimated figures for their use.,https://crawley.gov.uk/sites/default/files/2023-08/Local%20Cycling%20and%20Walking%20Infrastructure%20Plan%20report%20and%20appendices.pdf,ok,10,seed-94db,https://crawley.gov.uk/sites/default/files/2023-08/Local%20Cycling%20and%20Walking%20Infrastructure%20Plan%20report%20and%20appendices.pdf,,,True,"The PCT was used to identify likely route corridors for cycling to work or school by linking census SOA centroids to employment locations and schools. It was used to compare and confirm corridors identified through manual mapping and local knowledge, though it was not the sole source of data.",60.15 km,60.15,True,"Active Mode Appraisal Tool (AMAT), Route Selection Tool (RST), and Walking Route Assessment Tool (WRAT)","[""RST"", ""WRAT"", ""AMAT"", ""TfL Cycle Level of Service (CLoS)""]","[""Census 2011 commuting"", ""School travel demand""]",True,"[""Government Target""]","{""pct"": 11, ""propensity_to_cycle_tool"": 5, ""pct_bike"": 0}",2 - Contextual background / data input,False,16,"The LCWIP underpinned a successful £21m government bid from the Towns Fund and Future High Street funds to provide a key commuter cycle route linking Gatwick Airport station, Manor Royal Business District, and the town centre.",between £29m and £68m,68000000
2026,Carlisle Local Cycling and Walking Infrastructure Plan (LCWIP) 2022 - 2037,Cumbria County Council,North West,LCWIP,March 2022,2,The most popular cycle routes [17] for both school and travel to work journeys within the district are all located within the urban area of Carlisle.,https://cumbria.gov.uk/elibrary/Content/Internet/538/18110/38384/44749114236.pdf,ok,11,seed-94db,https://cumbria.gov.uk/elibrary/Content/Internet/538/18110/38384/44749114236.pdf,,,True,The Propensity to Cycle Tool (PCT) was used as a data source to identify the most popular cycle routes for school and travel-to-work journeys within the district.,,,True,"A prioritisation framework that assesses effectiveness (potential to generate cycling trips), alignment with policy objectives, economic factors (scheme cost, value for money, and likelihood of attracting funding), and deliverability (engineering constraints, land ownership, and stakeholder support).",,"[""Census 2011 commuting""]",True,,"{""pct"": 0, ""propensity_to_cycle_tool"": 1, ""pct_bike"": 1}",2 - Contextual background / data input,,,"The LCWIP has facilitated the allocation of £19.7m from the Towns Fund for sustainable travel, £20m from the Borderlands Inclusive Growth Deal for the Carlisle Station Gateway, £50m for the Carlisle Citadels University Campus, £9.1m from the Future High Streets Fund, and the inclusion of a shared-use cycling and walking path along the entire length of the Carlisle Southern Link Road.",,
2026,Workington Local Cycling and Walking Infrastructure Plan (LCWIP) 2022 - 2037,Cumbria County Council,North West England,LCWIP,June 2022,2,,https://cumbria.gov.uk/elibrary/Content/Internet/538/18110/38384/44819111034.pdf,ok,12,seed-94db,https://cumbria.gov.uk/elibrary/Content/Internet/538/18110/38384/44819111034.pdf,,,True,The Propensity to Cycle Tool (PCT) was used as a data source to identify the most popular cycle routes for school and travel to work journeys.,,,True,"A prioritisation framework that assesses effectiveness, alignment with policy objectives, economic factors, and deliverability.",,"[""Census 2011 commuting""]",True,,"{""pct"": 0, ""propensity_to_cycle_tool"": 1, ""pct_bike"": 1}",2 - Contextual background / data input,,,"The Workington Town Deal secured £23m from the Government’s Town Fund in 2021, which includes proposals for high-quality public realm, urban connectivity, and green infrastructure improvements such as upgrades to the Hadrian’s Cycleway (NCN72) on Central Way.",,
2026,Local Cycling and Walking Infrastructure Plan,BCP Council,South West,LCWIP,April 2022,0,,https://democracy.bcpcouncil.gov.uk/documents/s32638/Local%20Cycling%20and%20Walking%20Infrastructure%20Plan.pdf,ok,13,seed-94db,https://democracy.bcpcouncil.gov.uk/documents/s32638/Local%20Cycling%20and%20Walking%20Infrastructure%20Plan.pdf,,,True,,,,False,,,,,,"{""pct"": 0, ""propensity_to_cycle_tool"": 0, ""pct_bike"": 0}",0 - None,,,,,
2026,Local Cycling and Walking Infrastructure Plan (LCWIP),Brighton & Hove City Council,South East,LCWIP,March 2022,0,,https://democracy.brighton-hove.gov.uk/documents/s175857/Local%20Cycling%20and%20Walking%20Infrastructure%20Plan%20LCWIP.pdf,ok,14,seed-94db,https://democracy.brighton-hove.gov.uk/documents/s175857/Local%20Cycling%20and%20Walking%20Infrastructure%20Plan%20LCWIP.pdf,,,True,,,,False,,,,,,"{""pct"": 0, ""propensity_to_cycle_tool"": 0, ""pct_bike"": 0}",0 - None,,,,,
2026,LOCAL CYCLING AND WALKING INFRASTRUCTURE PLAN Durham City,Durham County Council,North East,LCWIP,January 2021,1,Propensity to Cycle Tool,https://democracy.durham.gov.uk/documents/s145571/Local%20Cycling%20App%20b%20Durham%20City%20Local%20Cycling%20Walking%20Infrastructure%20Plan.pdf,ok,15,seed-94db,https://democracy.durham.gov.uk/documents/s145571/Local%20Cycling%20App%20b%20Durham%20City%20Local%20Cycling%20Walking%20Infrastructure%20Plan.pdf,,,True,The Propensity to Cycle Tool (PCT) was used as one of the key datasets to inform the development of network plans for cycling.,,,True,"Route Selection Tool, Walking Route Audit Tool (WRAT), and a scoring mechanism based on effectiveness, policy alignment, economic factors, and deliverability.","[""Route Selection Tool"", ""Walking Route Audit Tool (WRAT)""]",,True,,"{""pct"": 0, ""propensity_to_cycle_tool"": 1, ""pct_bike"": 0}",2 - Contextual background / data input,False,3,"The LCWIP has identified three priority corridors (Belmont/Carville to City Centre, Cock o’ the North to City Centre, and Gilesgate to Durham University Mountjoy campuses) for initial feasibility assessment and future investment, and will be used to support the County Council in making the case for future funding.",,
2026,LOCAL CYCLING AND WALKING INFRASTRUCTURE PLAN Peterlee,Durham County Council,North East,LCWIP,September 2022,5,Forecast number of journeys to work using the corridor in the Government Target Near Market scenario (LSOA),https://democracy.durham.gov.uk/documents/s174866/Item%207%20Peterlee%20LCWIP%20Final%20inc%20Appendices_opt.pdf,ok,16,seed-94db,https://democracy.durham.gov.uk/documents/s174866/Item%207%20Peterlee%20LCWIP%20Final%20inc%20Appendices_opt.pdf,,,True,"The Propensity to Cycle Tool (PCT) was used to identify potential demand and forecast the number of journeys to work using corridors in the Government Target Near Market scenario, which informed the prioritisation of key desire lines.",,,True,Durham LCWIP Prioritisation Matrix,"[""Strava"", ""WRAT"", ""RST"", ""EAST""]","[""Census 2011 commuting""]",True,"[""Government Target""]","{""pct"": 4, ""propensity_to_cycle_tool"": 1, ""pct_bike"": 0}",4 - Core prioritisation & funding framework,False,3,"The LCWIP has informed early design work on active travel schemes in Peterlee to support current funding opportunities, including the identification of priority routes such as the Town Centre to A19, Town Centre to Thorpe Road, and Town Centre to Horden, as well as the Grampian Estate area-based walking priority.",,
2026,LOCAL CYCLING AND WALKING INFRASTRUCTURE PLAN Shildon,Durham County Council,North East,LCWIP,September 2022,5,Forecast number of journeys to work using the corridor in the Government Target Near Market scenario (LSOA),https://democracy.durham.gov.uk/documents/s174868/Item%207%20Shildon%20LCWIP%20Final%20inc%20Appendices_opt.pdf,ok,17,seed-94db,https://democracy.durham.gov.uk/documents/s174868/Item%207%20Shildon%20LCWIP%20Final%20inc%20Appendices_opt.pdf,,,True,The Propensity to Cycle Tool (PCT) was used to identify potential demand for cycling and to inform the prioritisation of key desire lines.,,,True,Durham LCWIP Prioritisation Matrix,"[""Strava"", ""RST"", ""EAST"", ""AMAT""]","[""Census 2011 commuting""]",True,"[""Government Target""]","{""pct"": 4, ""propensity_to_cycle_tool"": 1, ""pct_bike"": 0}",2 - Contextual background / data input,False,3,"The LCWIP process resulted in the identification of seven key desire lines, the selection of three priority cycle routes for future investment, and the proposal of specific infrastructure interventions such as new bi-directional paths, shared use paths, and low traffic neighbourhoods to support active travel.",,
2026,LOCAL CYCLING AND WALKING INFRASTRUCTURE PLAN,Durham County Council,North East,LCWIP,January 2021,1,Propensity to Cycle Tool,https://democracy.durham.gov.uk/documents/s174927/Background%20Document%203.pdf,ok,18,seed-94db,https://democracy.durham.gov.uk/documents/s174927/Background%20Document%203.pdf,,,True,The Propensity to Cycle Tool (PCT) was used as one of the key datasets to inform the development of network plans for cycling.,,,True,"Prioritisation scoring mechanism based on effectiveness, policy alignment, economic factors, and deliverability; DfT Route Selection Tool; DfT Walking Route Audit Tool (WRAT)","[""Route Selection Tool"", ""Walking Route Audit Tool""]",,False,,"{""pct"": 0, ""propensity_to_cycle_tool"": 1, ""pct_bike"": 0}",2 - Contextual background / data input,False,3,"The LCWIP identified three priority corridors (Cobblers Hall to Newton Aycliffe Railway Station, Stephenson Way, and Town Centre to Aycliffe Business Park) for immediate feasibility assessment and development, and established a prioritised programme of infrastructure improvements to support future funding applications.",,
2026,Epsom & Ewell Local Cycling & Walking Infrastructure Plan,Epsom & Ewell Borough Council,South East,LCWIP,September 2024,56,The Propensity to Cycle Tool (PCT) is an online tool and dataset designed to assist with the strategic planning of cycling networks. It illustrates an indicative current and potential future distribution of cycle trips to work and to school based on different growth scenarios.,https://democracy.epsom-ewell.gov.uk/documents/s32880/Appendix%201%20-%20LCWIP.pdf,ok,19,seed-94db,https://democracy.epsom-ewell.gov.uk/documents/s32880/Appendix%201%20-%20LCWIP.pdf,Surrey County Council,,True,"The Propensity to Cycle Tool (PCT) was used to identify indicative current and potential future distribution of cycle trips to work and school, identifying preferred 'fast' and 'quieter' routes to inform the development of the cycle network.",,,True,"Multi-criteria assessment framework (MCAF), Walking Route Audit Tool (WRAT), and Route Selection Tool (RST)","[""Strava"", ""WRAT"", ""RST""]","[""Census 2011 commuting"", ""School travel demand"", ""National Travel Survey""]",True,"[""Go Dutch""]","{""pct"": 50, ""propensity_to_cycle_tool"": 6, ""pct_bike"": 0}",3 - Network design & mapping,True,51,"The PCT data was used to identify preferred 'fast' and 'quieter' cycle routes between origin and destination pairs, which informed the development of the aspirational cycle network and the selection of Phase 1 corridors.",Indicative costs vary from approximately £6.8 million to £17.8 million for the cycle corridors and from approximately £15.4 million to £18.5 million for the CWZs.,
2026,The Mayor’s Cycling and Walking Challenge Fund,,North West England,LCWIP-related,2019-06-28,2,,https://democracy.greatermanchester-ca.gov.uk/documents/s3398/15%20GMCA%20Cycling%20and%20Walking%20Challenge%20Fund%20Update.pdf,ok,20,web-search,https://democracy.greatermanchester-ca.gov.uk/documents/s3398/15%20GMCA%20Cycling%20and%20Walking%20Challenge%20Fund%20Update.pdf,Greater Manchester Combined Authority,,True,,"approximately 3,000km",3000,True,"An assessment matrix to prioritise MCF schemes for delivery, considering timescales, level of match funding, and network delivery/strategic fit with the Bee Network.",,,,,"{""pct"": 0, ""propensity_to_cycle_tool"": 1, ""pct_bike"": 1}",1 - Passing mention,,,"The Bee Network has expanded from approximately 1,500km to 3,000km in length, with the number of crossings increasing from 2,000 to 2,400. Additionally, 15 new schemes were recommended for Programme Entry in Tranche 5, bringing the total number of schemes in development to 57, with a total forecast cost of approximately £338 million.",,
2026,GM Transport Delivery Plan (2027-2037),,North West,other,2025-11-18,0,,https://democracy.greatermanchester-ca.gov.uk/documents/s40952/GMCA%20OS%2020251126%20Draft%20Local%20Transport%20Plan%20-%20Appendix%204%20GM%20Transport%20Delivery%20Plan%20Consultation%20Dr.pdf,ok,21,web-search,https://democracy.greatermanchester-ca.gov.uk/documents/s40952/GMCA%20OS%2020251126%20Draft%20Local%20Transport%20Plan%20-%20Appendix%204%20GM%20Transport%20Delivery%20Plan%20Consultation%20Dr.pdf,Greater Manchester Combined Authority,,True,,,,False,,,,,,"{""pct"": 0, ""propensity_to_cycle_tool"": 0, ""pct_bike"": 0}",0 - None,,,,approximately £10bn over the next 10 years,10000000000
2026,Basingstoke Local Cycling and Walking Infrastructure Plan,Basingstoke and Deane Borough Council,South East,LCWIP,2023-03-09,0,,https://democracy.hants.gov.uk/documents/s105949/5%20Basingstoke%20Local%20Cycling%20and%20Walking%20Infrastructure%20Plan-2023-03-09-LEMH2050%20Decision%20Day.pdf,ok,22,seed-94db,https://democracy.hants.gov.uk/documents/s105949/5%20Basingstoke%20Local%20Cycling%20and%20Walking%20Infrastructure%20Plan-2023-03-09-LEMH2050%20Decision%20Day.pdf,,,True,,,,False,,,,,,"{""pct"": 0, ""propensity_to_cycle_tool"": 0, ""pct_bike"": 0}",0 - None,,10,,,
2026,Hart District Local Cycling and Walking Infrastructure Plan (LCWIP),Hart District Council and Hampshire County Council,South East,LCWIP,2024-04-19,25,"In addition to the clustering exercise, the PCT has been used to identify which routes within the study area have the greatest potential for an increase in the number of commuters cycling to work and the number of children cycling to school.",https://democracy.hants.gov.uk/documents/s122153/2024-06-27%202i%20Hart%20LCWIP%20-%20Appendix%20A-2024-06-27-EMH2050%20Decision%20Day.pdf,ok,23,seed-94db,https://democracy.hants.gov.uk/documents/s122153/2024-06-27%202i%20Hart%20LCWIP%20-%20Appendix%20A-2024-06-27-EMH2050%20Decision%20Day.pdf,,,True,"The PCT was used to identify routes with the greatest potential for increasing commuter cycling and school cycling, to test the emerging network, and to visually validate the proposed cycle network.",,,True,"A prioritisation methodology was developed by Hampshire County Council, assessing routes against four categories: effectiveness, policy, economics, and deliverability, using a scoring system of 1 to 3.","[""ArcGIS"", ""WRAT"", ""HSDC"", ""RST""]","[""Census 2011 commuting"", ""School travel demand""]",False,"[""Baseline"", ""Government Target"", ""Go Dutch"", ""E-bike""]","{""pct"": 16, ""propensity_to_cycle_tool"": 9, ""pct_bike"": 0}",3 - Network design & mapping,False,12,"The LCWIP has informed the development of the Green Grid, including a pilot route between Hartland Village and Fleet Railway Station (opened Summer 2022), and has been used to identify and prioritise specific infrastructure improvements such as the Reading Road North/Elvetham Road roundabout improvements.",,
2026,Kirklees Draft Transport Strategy,Kirklees Council,Yorkshire and the Humber,LCWIP-related,January 2025,0,,https://democracy.kirklees.gov.uk/documents/s61927/Kirklees%20Transport%20Strategy_Draft%20DTP_130125.pdf,ok,24,web-search,https://democracy.kirklees.gov.uk/documents/s61927/Kirklees%20Transport%20Strategy_Draft%20DTP_130125.pdf,West Yorkshire Combined Authority,,True,,,,False,,,,,,"{""pct"": 0, ""propensity_to_cycle_tool"": 0, ""pct_bike"": 0}",0 - None,,,,,
2026,Loughborough Area Local Cycling and Walking Infrastructure Plan (LCWIP),Leicestershire County Council,East Midlands,LCWIP,2023,30,"the DfT’s Propensity to Cycle Tool, an open source, online tool for estimating cycling potential and health/CO2 benefits",https://democracy.leics.gov.uk/documents/s179818/Appendix%20C%20-%20Loughborough%20Area%20LCWIP%20and%20Appendices.pdf,ok,25,seed-94db,https://democracy.leics.gov.uk/documents/s179818/Appendix%20C%20-%20Loughborough%20Area%20LCWIP%20and%20Appendices.pdf,,,True,"The Propensity to Cycle Tool was used to estimate cycling potential, identify initial routes for improvement, and inform the prioritisation of LCWIP areas by assessing potential benefits.",,,True,"A weighted prioritisation matrix was developed using five factors (effectiveness, attractiveness, policy, economics, and deliverability) to rank schemes, alongside bespoke audit proformas and the Healthy Streets Design Check toolkit.","[""Strava Metro"", ""BetterPoints"", ""Route Selection Tool"", ""Walking Route Audit Tool"", ""Cycling Level of Service"", ""Junction Assessment Tool"", ""Healthy Streets Design Check"", ""Widen My Path"", ""DataShine Tool""]","[""Census 2011 commuting""]",True,,"{""pct"": 23, ""propensity_to_cycle_tool"": 7, ""pct_bike"": 0}",2 - Contextual background / data input,True,22,"The LCWIP process led to the creation of a draft and final walking and cycling network map, the identification of a 10-year pipeline of schemes, and the development of concept designs for specific corridors (e.g., Epinal Way, Nottingham Road, A512) which demonstrated potential improvements in Healthy Streets scores ranging from 2 to 14 points.",,
2026,Peterborough City Council Local Cycling and Walking Infrastructure Plan 2024- 2034,Peterborough City Council,East of England,LCWIP,2024,20,The DfT Propensity to Cycle Tool (PCT) was used for analysing existing and potential cycling trips. The PCT is designed to assist transport planners and policy makers when prioritising investments and interventions to promote cycling.,https://democracy.peterborough.gov.uk/documents/s53301/Item%205.%20Appendix%201%20-%20Local%20Cycling%20and%20Walking%20Infrastructure%20Plan%20LCWIP%2016072024%20Cabinet.pdf,ok,26,seed-94db,https://democracy.peterborough.gov.uk/documents/s53301/Item%205.%20Appendix%201%20-%20Local%20Cycling%20and%20Walking%20Infrastructure%20Plan%20LCWIP%2016072024%20Cabinet.pdf,Cambridgeshire and Peterborough Combined Authority,,True,"The PCT was used to analyze existing and potential cycling trips, forecast future commuter cycle flows, and inform the prioritization of cycling schemes by comparing current trips against a 'Government Target' scenario.",,,True,"Prioritisation Matrix, Route Selection Tool (RST), Walking Route Audit Tool (WRAT)","[""RST"", ""WRAT"", ""Active Mode Appraisal Toolkit (AMAT)"", ""Healthy Streets Toolkit""]","[""Census 2011 commuting""]",True,"[""Government Target"", ""Go Dutch""]","{""pct"": 15, ""propensity_to_cycle_tool"": 4, ""pct_bike"": 1}",3 - Network design & mapping,True,31,"The LCWIP has identified 16 cycling routes and 15 walking routes for future investment, prioritised based on economic appraisal (BCR), safety, and potential for mode shift. It serves as a strategic tool to inform future funding bids, S106 developer contributions, and capital budget allocations to improve infrastructure and increase active travel.",,
2026,Warwickshire Local Cycling and Walking Infrastructure Plan Part 1: Introduction,Warwickshire County Council,West Midlands,LCWIP,2023-09-26,2,Propensity to Cycle Tool (PCT),https://democracy.warwickshire.gov.uk/documents/s35370/Appendix%203%20for%20Warwickshire%20LCWIP%20Part%201%20Introduction.pdf,ok,27,seed-94db,https://democracy.warwickshire.gov.uk/documents/s35370/Appendix%203%20for%20Warwickshire%20LCWIP%20Part%201%20Introduction.pdf,West Midlands Combined Authority,,True,,,,True,"The document mentions the use of the 'Route Selection Tool', 'Walking Route Audit Tool', 'Cycling Level of Service', 'Healthy Streets Design Check England', 'Active Mode Appraisal Toolkit', 'Health Equity Assessment Tool (HEAT)', 'Cycling Infrastructure Prioritisation Toolkit (CyIPT)', and 'Cycle Audit' as assessment and audit tools, but does not explicitly state the development of a custom tool or matrix for prioritisation.","[""Route Selection Tool"", ""Walking Route Audit Tool"", ""Walking, Cycling and Horse-Riding Assessment and Review (WCHAR)"", ""Road Safety Audit"", ""Cycling Level of Service"", ""Healthy Streets Design Check England"", ""Active Mode Appraisal Toolkit"", ""Health Equity Assessment Tool (HEAT)"", ""Cycling Infrastructure Prioritisation Toolkit (CyIPT)"", ""Equality Impact Assessment"", ""Cycle Audit""]",,,,"{""pct"": 1, ""propensity_to_cycle_tool"": 1, ""pct_bike"": 0}",1 - Passing mention,,,"The 2018 Task and Finish Group report led to an ambitious programme of capital investment in cycling improvements, and feedback from over 2,000 responses to a 2021 Commonplace survey was used to develop network proposals and stimulate stakeholder discussions.",,
2026,DRAFT LCWIP Background Evidence Report,City of York Council,Yorkshire and the Humber,LCWIP,2023-01-24,26,,https://democracy.york.gov.uk/documents/s166024/Annex%20A%20LCWIP%20Draft%20Background%20Evaluation%20Report.pdf,ok,28,seed-94db,https://democracy.york.gov.uk/documents/s166024/Annex%20A%20LCWIP%20Draft%20Background%20Evaluation%20Report.pdf,,,True,"The PCT was used to map trip origins and destinations, identify desire lines for cycle trips, and allocate trips to specific routes to inform the development of the cycling network.",,,True,"A scoring matrix was developed to evaluate 34 potential cycle routes based on criteria including directness, coherence, safety, comfort, and attractiveness, utilizing data from Crashmap, the Safe Streets York Commonplace survey, York Cycle Campaign's 'Rate my Route' survey, and Census data on health deprivation, air quality, and short car journeys.","[""Strava"", ""Crashmap"", ""Commonplace"", ""York Cycle Campaign Rate my Route""]","[""Census 2011 commuting"", ""School travel demand""]",True,"[""Government Target"", ""Go Dutch""]","{""pct"": 24, ""propensity_to_cycle_tool"": 2, ""pct_bike"": 0}",3 - Network design & mapping,True,37,"The document notes that York was successful in its bid for £17.4m to deliver its Bus Service Improvement Plan in 2021, and that the LCWIP is being developed to meet future funding requirements for Active Travel England.",,
2026,Devon County Council / Mid Devon District Council,Devon County Council,South West,other,2023-10-01,0,,https://devoncc.sharepoint.com/:b:/s/PublicDocs/Corporate/EXS84IQjtrdGjPnQPta3bzwBE0FHzXNcIeJh4YzymlE_Ug?e=UeP8eO,ok,29,seed-94db,https://devoncc.sharepoint.com/:b:/s/PublicDocs/Corporate/EXS84IQjtrdGjPnQPta3bzwBE0FHzXNcIeJh4YzymlE_Ug?e=UeP8eO,,,True,,,,False,,,,,,"{""pct"": 0, ""propensity_to_cycle_tool"": 0, ""pct_bike"": 0}",0 - None,,,,,
2026,Devon County Council,Devon County Council,South West,other,2023-09-01,0,,https://devoncc.sharepoint.com/:b:/s/PublicDocs/Corporate/Ef9MfxjbJ6xBrTt2rc02v44BKju2349kdZ75MP8eqymg-A?e=IkSolR,ok,30,seed-94db,https://devoncc.sharepoint.com/:b:/s/PublicDocs/Corporate/Ef9MfxjbJ6xBrTt2rc02v44BKju2349kdZ75MP8eqymg-A?e=IkSolR,,,True,,,,False,,,,,,"{""pct"": 0, ""propensity_to_cycle_tool"": 0, ""pct_bike"": 0}",0 - None,,,,,
2026,Malton and Norton Local Cycling and Walking Infrastructure Plan,North Yorkshire County Council,Yorkshire and the Humber,LCWIP,July 2021,28,"PCT Output: % of Population Cycling to Work, by LSOA (2011 Census)",https://edemocracy.northyorks.gov.uk/documents/s10084/Malton%20and%20Norton%20Local%20Cycling%20and%20Walking%20Infrastructure%20Plan.pdf,ok,31,seed-94db,https://edemocracy.northyorks.gov.uk/documents/s10084/Malton%20and%20Norton%20Local%20Cycling%20and%20Walking%20Infrastructure%20Plan.pdf,,,True,The Propensity to Cycle Tool (PCT) was used to analyze existing cycling patterns and forecast future cycle flows based on different scenarios to inform the network planning and identify potential demand.,,,True,"A prioritisation exercise to identify improvements in the short term (2-3 years), medium term (<5 years) and long term (5 years +) was developed to provide a pipeline of cycling and walking improvements.",,"[""Census 2011 commuting""]",True,"[""Baseline"", ""Government Target"", ""Go Dutch""]","{""pct"": 25, ""propensity_to_cycle_tool"": 3, ""pct_bike"": 0}",2 - Contextual background / data input,True,9,"The LCWIP is intended to help attract funding for infrastructure, enable the submission of bids for government funding, and allow the council to request Section 106 funding from developers for identified priority routes.",,
2026,Ripon and Catterick and Local Cycling and Walking Infrastructure Plans,North Yorkshire Council,Yorkshire and the Humber,LCWIP,January 2025,27,The route along Clotherholme Road and Park Street is the most popular route in all current and future scenarios in the Propensity to Cycle Tool (PCT),https://edemocracy.northyorks.gov.uk/documents/s47233/Ripon%20and%20Catterick%20Phase%201%20LCWIPs.pdf,ok,32,seed-94db,https://edemocracy.northyorks.gov.uk/documents/s47233/Ripon%20and%20Catterick%20Phase%201%20LCWIPs.pdf,,,True,"The PCT was used to validate desire lines, identify important routes, and model potential increases in cycling under different scenarios.",,,True,"A prioritisation framework was developed using 14 criteria across categories of Effectiveness, Policy Alignment, Economic factors, and Deliverability to score and rank schemes.","[""Strava"", ""WRAT"", ""RST"", ""EAST""]","[""Census 2011 commuting"", ""School travel demand""]",True,"[""Government Target"", ""E-bike""]","{""pct"": 19, ""propensity_to_cycle_tool"": 6, ""pct_bike"": 2}",3 - Network design & mapping,True,16,"The LCWIP process has identified priority schemes for Ripon and Catterick to attract funding opportunities, and has informed the development of draft designs for priority corridors, with £69,962 spent on development funded through the Transport Planning budget and s106 funds.",,
2026,Local Cycling and Walking Infrastructure Plan,North Yorkshire Council,Yorkshire and the Humber,LCWIP,April 2025,28,The top 15 commuting journeys from the PCT tool broadly reflect the identified desire lines within the study area.,https://edemocracy.northyorks.gov.uk/documents/s52849/Thirsk%20and%20Whitby%20Local%20Cycling%20and%20Walking%20Infrastructure%20Plans.pdf,ok,33,seed-94db,https://edemocracy.northyorks.gov.uk/documents/s52849/Thirsk%20and%20Whitby%20Local%20Cycling%20and%20Walking%20Infrastructure%20Plans.pdf,York & North Yorkshire Combined Authority,,True,The Propensity to Cycle Tool (PCT) was used to model commuter cycle flows and school travel demand to identify and validate desire lines and inform the development of the suggested cycle network.,,,True,Multi-Criteria Assessment Framework (MCAF) and Early Assessment and Sifting Tool,"[""Strava"", ""Route Selection Tool (RST)"", ""Early Assessment and Sifting Tool"", ""AMAT""]","[""Census 2011 commuting"", ""School travel demand""]",True,"[""Government Target"", ""E-bike""]","{""pct"": 21, ""propensity_to_cycle_tool"": 7, ""pct_bike"": 0}",2 - Contextual background / data input,True,18,"The LCWIP identifies 35 priority corridors across North Yorkshire with an estimated delivery cost of £95M, and for Thirsk and Whitby specifically, it provides a basis for securing government funding or developer contributions, such as the S106 agreement for the Sowerby Gateway development.",,
2026,Faversham Town Council Local Cycling and Walking Infrastructure Plan,Faversham Town Council,Kent,LCWIP,September 2025,19,The PCT (www.pct.bike) shows current rates and estimates future demand for cycling based on commuting and school trips.,https://favershamtowncouncil.gov.uk/wp-content/uploads/2025/09/Faversham-LCWIP-Aug-25.pdf,ok,34,web-search,https://favershamtowncouncil.gov.uk/wp-content/uploads/2025/09/Faversham-LCWIP-Aug-25.pdf,,,True,"The PCT was used to identify current rates and estimate future demand for cycling based on commuting and school trips, providing both straight-line desire lines and applied networks to inform the LCWIP network recommendations.",,,True,Route Selection Tool (RST) and Walking Route Assessment Tool (WRAT),"[""Strava"", ""WRAT"", ""RST""]","[""Census 2011 commuting"", ""School travel demand""]",True,"[""Government Target"", ""E-bike"", ""Go Dutch""]","{""pct"": 16, ""propensity_to_cycle_tool"": 2, ""pct_bike"": 1}",3 - Network design & mapping,False,11,"The LCWIP methodology and prioritisation approach enabled Faversham Town Council, Swale Borough Council, and Kent County Council to secure £1 million in funding from Active Travel England, which was used to implement the East-West cross-town walking route.",,
2026,Local Cycling & Walking Infrastructure Plan 2020-30,Reading Borough Council,South East,LCWIP,March 2020,6,,https://images.reading.gov.uk/2020/01/Local-Cycling-and-Walking-Infrastructure-Plan_Accessible-Low-Res_March-2020.pdf,ok,35,seed-94db,https://images.reading.gov.uk/2020/01/Local-Cycling-and-Walking-Infrastructure-Plan_Accessible-Low-Res_March-2020.pdf,,,True,"The Propensity to Cycle Tool (PCT) was used to analyze origins and destinations, identify desire lines for cycle trips, and allocate trips to specific routes. The 'Go-Dutch' scenario was applied to identify routes with the greatest potential for increased cycling levels, which were then overlaid with clustered desire lines to define key cycling corridors.",,,True,Route Selection Tool (RST) and Walking Route Audit Tool (WRAT),"[""RST"", ""WRAT""]","[""Census 2011 commuting""]",True,"[""Go Dutch""]","{""pct"": 3, ""propensity_to_cycle_tool"": 3, ""pct_bike"": 0}",3 - Network design & mapping,True,12,"The 2014 Cycling Strategy led to the creation of the NCN422 route (funded by £4.2 million from Thames Valley LEP), the opening of Christchurch Bridge, public realm improvements at Town Hall Square, the opening of the Napier Road Underpass, the installation of the Northern Interchange Cycle Parking Hub (600+ spaces), and pedestrian/cycle enhancements to Cow Lane.",,
2026,Kendal Local Cycling and Walking Infrastructure Plan (LCWIP) 2022 - 2037,Cumbria County Council,North West England,LCWIP,March 2022,2,The most popular cycle routes [17] for both school and travel to work journeys within the district are all located within the urban area of Kendal.,https://legacy.westmorlandandfurness.gov.uk/elibrary/Content/Internet/538/18110/38384/4474911322.pdf,ok,36,seed-94db,https://legacy.westmorlandandfurness.gov.uk/elibrary/Content/Internet/538/18110/38384/4474911322.pdf,,,True,The Propensity to Cycle Tool (PCT) was used to identify the most popular cycle routes for both school and travel to work journeys within the district.,,,True,"Prioritisation framework assessing effectiveness, alignment with policy objectives, economic factors, and deliverability.",,"[""Census 2011 commuting""]",True,,"{""pct"": 0, ""propensity_to_cycle_tool"": 1, ""pct_bike"": 1}",2 - Contextual background / data input,,,"A £2.3m allocation from the Local Growth Fund enabled delivery of part of the Kendal X project, which has been incorporated into the LCWIP.",,
2026,LOCAL CYCLING AND WALKING INFRASTRUCTURE PLAN technical report,Cumbria County Council,North West,LCWIP,March 2022,12,"The desire lines were compared against the PCT Go Dutch scenario outputs, which presents a potential scenario of available, as well as a similar attitude toward cycling.",https://legacy.westmorlandandfurness.gov.uk/elibrary/Content/Internet/538/18110/38384/4474911344.pdf,ok,37,seed-94db,https://legacy.westmorlandandfurness.gov.uk/elibrary/Content/Internet/538/18110/38384/4474911344.pdf,,,True,The PCT was used to validate identified desire lines by comparing them against the 'Go Dutch' scenario outputs and to forecast potential growth for cycling within Kendal.,circa 30km,30,True,"LCWIP Prioritisation framework (Table 5.1) using 20 criteria across Effectiveness, Policy, Economic, and Deliverability categories; Assessment and Sifting Tool (EAST); Route Selection Tool (RST); Walking Route Audit Tool (WRAT)","[""Strava"", ""WRAT"", ""RST""]","[""Census 2011 commuting""]",True,"[""Go Dutch""]","{""pct"": 8, ""propensity_to_cycle_tool"": 3, ""pct_bike"": 1}",2 - Contextual background / data input,True,20,"The LCWIP process has directly influenced the development of a prioritised programme of infrastructure improvements, informed the design of the Kendal Northern Access Route (KNAR) business case, and provided a strategic framework for leveraging future government funding and developer contributions.",£40.5 million,40500000
2026,LOCAL CYCLING AND WALKING INFRASTRUCTURE PLAN,Cumbria County Council,North West,LCWIP,March 2022,12,"The Abbey Road, A590 Walney Road, Roose Road, Jubilee Bridge converging on the BAE systems and town centre vicinity are by far the most popular routes in all current and future scenarios in the Propensity to Cycle Tool (PCT)",https://legacy.westmorlandandfurness.gov.uk/elibrary/Content/Internet/538/18110/38384/4474912710.pdf,ok,38,seed-94db,https://legacy.westmorlandandfurness.gov.uk/elibrary/Content/Internet/538/18110/38384/4474912710.pdf,,,True,"The Propensity to Cycle Tool (PCT) was used to validate identified desire lines, forecast potential growth for cycling, and support the identification of the most important routes in the suggested cycle network.",circa 65km,65,True,"Prioritisation framework (Table 5.1) using 20 criteria, and the Assessment and Sifting Tool (EAST) for route feasibility.","[""Strava"", ""RST"", ""EAST"", ""WRAT""]","[""Census 2011 commuting"", ""School travel demand""]",True,"[""Government Target"", ""Go Dutch""]","{""pct"": 8, ""propensity_to_cycle_tool"": 3, ""pct_bike"": 1}",2 - Contextual background / data input,True,22,"The LCWIP process has secured £3.967m in funding from the Towns Fund (2020/21 to 2025/26) to deliver three strategic cycle routes totaling 4.8km, and has informed the development of the #BrilliantBarrow Town Investment Plan to facilitate physical connectivity and enhance access.",£83m,83000000
2026,LOCAL CYCLING AND WALKING INFRASTRUCTURE PLAN TECHNICAL REPORT Penrith,Cumbria County Council,North West,LCWIP,July 2022,13,"The B5288, A592 and A6 converging on the town centre are the most popular routes in all current and future scenarios in the Propensity to Cycle Tool (PCT) (see www.pct.bike for further information on the PCT). These routes record more than 100 cyclists per day based on the ‘Go Dutch’ scenario, reflecting the potential growth for cycling within Penrith.",https://legacy.westmorlandandfurness.gov.uk/elibrary/Content/Internet/538/18110/38384/44819113937.pdf,ok,39,seed-94db,https://legacy.westmorlandandfurness.gov.uk/elibrary/Content/Internet/538/18110/38384/44819113937.pdf,,,True,"The PCT was used to validate identified desire lines, compare potential cycling demand scenarios, and inform the hierarchy of the suggested cycle network.",circa 28km,28,True,"A prioritisation framework including 20 criteria across Effectiveness, Policy, Economic, and Deliverability categories, and the use of the DfT's Route Selection Tool (RST) and Early Assessment and Sifting Tool (EAST).","[""Strava"", ""RST"", ""EAST"", ""WRAT""]","[""Census 2011 commuting"", ""School travel demand""]",False,"[""Government Target"", ""Go Dutch""]","{""pct"": 9, ""propensity_to_cycle_tool"": 3, ""pct_bike"": 1}",2 - Contextual background / data input,True,20,"The LCWIP process has informed the prioritisation of infrastructure schemes, such as the Kemplay Bank Roundabout Improvements, and has been used to make the case for direct cycle and walking links (e.g., a flyover) through representations to National Highways during the development of the A66 Northern Trans-Pennine Project.",£49 million,49000000
2026,LOCAL CYCLING AND WALKING INFRASTRUCTURE PLAN TECHNICAL REPORT Workington,Cumbria County Council,North West,LCWIP,July 2022,13,"The link between Workington and Seaton, consisting of Calva Brow, Workington Road, Seaton Road and Main Road, appears to be the most popular route in all current and future scenarios in the Propensity to Cycle Tool (PCT) (see www.pct.bike for further information on the PCT). This route records less than 50 cyclists per day, reflecting the potential growth for cycling within the study area.",https://legacy.westmorlandandfurness.gov.uk/elibrary/Content/Internet/538/18110/38384/4481911413.pdf,ok,40,seed-94db,https://legacy.westmorlandandfurness.gov.uk/elibrary/Content/Internet/538/18110/38384/4481911413.pdf,,,True,The PCT was used to validate identified desire lines by comparing them against the 'Go Dutch' scenario outputs and to analyze commuter cycle flows to inform the network planning process.,circa 34.6km,34.6,True,"A prioritisation framework was developed using 20 criteria across categories of Effectiveness, Policy, Economic, and Deliverability to score and rank infrastructure improvements.","[""Strava"", ""WRAT"", ""RST"", ""EAST""]","[""Census 2011 commuting"", ""School travel demand""]",True,"[""Government Target"", ""Go Dutch""]","{""pct"": 9, ""propensity_to_cycle_tool"": 3, ""pct_bike"": 1}",2 - Contextual background / data input,True,15,"Workington secured £23m from the Towns Fund in March 2021, which includes projects for improved pedestrian crossings, enhanced wayfinding, and new public realm improvements on Murray Road and Central Way. Additionally, accelerated funding has been used to improve the underpass and footway/cycle path on Central Way near the leisure centre.",£44.5 million,44500000
2026,KCWIP Final Report Full,Kent County Council,South East,LCWIP,March 2021,0,,https://letstalk.kent.gov.uk/27288/widgets/77329/documents/72175,ok,41,seed-94db,https://letstalk.kent.gov.uk/27288/widgets/77329/documents/72175,,,True,,,,False,,,,,,"{""pct"": 0, ""propensity_to_cycle_tool"": 0, ""pct_bike"": 0}",0 - None,,,,,
2026,Draft Carterton LCWIP,Oxfordshire County Council,South East England,LCWIP,2024-07-01,0,,https://letstalk.oxfordshire.gov.uk/40548/widgets/120199/documents/84124,ok,42,seed-94db,https://letstalk.oxfordshire.gov.uk/40548/widgets/120199/documents/84124,,,True,,,,False,,,,,,"{""pct"": 0, ""propensity_to_cycle_tool"": 0, ""pct_bike"": 0}",0 - None,,,,,
2026,"Local Cycling and Walking Infrastructure Plan: Congleton, Macclesfield and Wilmslow",Cheshire East Council,North West England,LCWIP,February 2021,17,The Propensity to Cycle Tool (PCT1) was used to assist the identification of key cycle desire lines within the LCWIP area.,https://moderngov.cheshireeast.gov.uk/documents/s83625/Local%20Cycling%20and%20Walking%20Infrastructure%20Plans%20-%20app%202%20NE.pdf,ok,43,seed-94db,https://moderngov.cheshireeast.gov.uk/documents/s83625/Local%20Cycling%20and%20Walking%20Infrastructure%20Plans%20-%20app%202%20NE.pdf,,,True,"The Propensity to Cycle Tool (PCT) was used to identify key cycle desire lines within the LCWIP area, inform the selection of overall desire lines, and estimate potential cycling levels to prioritize improvements.",,,True,"Walking Route Audit Tool (WRAT), Active Mode Appraisal Tool (AMAT), and a bespoke objectives appraisal matrix for scoring routes against LTP objectives and deliverability criteria.","[""WRAT"", ""Active Mode Appraisal Tool"", ""STATS19""]","[""Census 2011 commuting""]",True,"[""Baseline"", ""Government Target"", ""Go Dutch""]","{""pct"": 12, ""propensity_to_cycle_tool"": 4, ""pct_bike"": 1}",3 - Network design & mapping,False,,"The Connect2 project linking Crewe and Nantwich resulted in a 43% increase in cyclists, a 60% increase in pedestrians, and a benefit to cost ratio of 4.0.",,
2026,Local Cycling & Walking Infrastructure Plan (LCWIP) for Dover District,Dover District Council,South East,LCWIP,December 2024,14,The Propensity to Cycle Tool (PCT) was designed to assist transport planners and policy makers to prioritise investments and interventions to promote cycling. It is a modelling tool which shows different visions of the future under various scenarios of change. The PCT answers the question: ‘where is cycling currently common and where does cycling have the greatest potential to grow?’,https://moderngov.dover.gov.uk/documents/s60537/Local%20Cycling%20Walking%20Appendix.pdf,ok,44,seed-94db,https://moderngov.dover.gov.uk/documents/s60537/Local%20Cycling%20Walking%20Appendix.pdf,Kent County Council,,True,"The PCT was used to review which routes have the highest potential for an increase in cycling under various scenarios for change, and to inform the development of the network plan.",,,True,Each recommendation was assessed in terms of deliverability and impact to differentiate interventions and identify 'Quick Wins' versus those requiring additional funding or feasibility studies.,,"[""Census 2011 commuting"", ""School travel demand""]",False,"[""Baseline"", ""Go Dutch"", ""E-bike"", ""Go Cambridge""]","{""pct"": 10, ""propensity_to_cycle_tool"": 4, ""pct_bike"": 0}",3 - Network design & mapping,False,23,"Dover District Council secured funding from Active Travel England (ATE) in partnership with Kent County Council to commission this LCWIP. The plan is intended to enable further government funding to be accessed, inform developers of the level of ambition for the network, and guide the implementation of proposed schemes such as the Fastrack electric bus route and improvements to Pencester Road.",,
2026,Three Rivers District Local Cycling and Walking Infrastructure Plan,Three Rivers District Council,Hertfordshire,LCWIP,July 2025,31,The LCWIP guidance recommends that the Propensity to Cycle Tool (PCT) is used as one method to understand the potential for cycling alongside other locally important evidence.,https://moderngov.threerivers.gov.uk/documents/s13679/Appendix+A+-+Local+Cycling+and+Walking+Infrastructure+Plan+including+appendices.pdf,ok,45,seed-94db,https://moderngov.threerivers.gov.uk/documents/s13679/Appendix+A+-+Local+Cycling+and+Walking+Infrastructure+Plan+including+appendices.pdf,,,True,"The PCT was used to understand potential for cycling, model commuter cycling trips under different scenarios, identify desire lines, and inform the identification of key cycling corridors and pre-prioritisation of routes.",,,True,"Hertfordshire Place and Movement Matrix, Route Selection Tool (RST), and Walking Route Audit Tool (WRAT)","[""WRAT"", ""RST""]","[""Census 2011 commuting""]",True,"[""Government Target"", ""Go Dutch""]","{""pct"": 23, ""propensity_to_cycle_tool"": 7, ""pct_bike"": 1}",3 - Network design & mapping,True,27,"The LCWIP was amended to reflect public consultation feedback, including the removal of proposed modal filters on Shepherds Lane and Common Road, the removal of routes on or near Chorleywood Common, and the incorporation of alternative routing through the Money Hill residential area.",,
2026,Banbury Local Cycling and Walking Infrastructure Plan (LCWIP),Oxfordshire County Council,South East England,LCWIP,July 2023,41,,https://mycouncil.oxfordshire.gov.uk/documents/s66592/CMDHM20230720R05a%20Annex%20A%20Banbury%20LCWIP%20FINAL_10072023%20version.pdf,ok,46,seed-94db,https://mycouncil.oxfordshire.gov.uk/documents/s66592/CMDHM20230720R05a%20Annex%20A%20Banbury%20LCWIP%20FINAL_10072023%20version.pdf,,,True,"The PCT was used to identify existing cycling demand, estimate future potential under different scenarios, and inform the development and prioritisation of the proposed cycle network.",,,True,"Rapid Cycleway Prioritisation Tool, CycleStreets low traffic neighbourhoods tool, and a custom prioritisation table based on factors including safety implications and connectivity enhancement.","[""Strava Global Heatmap"", ""Rapid Cycleway Prioritisation Tool"", ""CycleStreets""]","[""Census 2011 commuting"", ""School travel demand""]",True,"[""Baseline"", ""Go Dutch"", ""E-bike""]","{""pct"": 26, ""propensity_to_cycle_tool"": 15, ""pct_bike"": 0}",3 - Network design & mapping,True,25,"Public consultation feedback led to significant alterations to the final document, including updates to proposal clarity and changes to route maps. Additionally, the LCWIP process has already secured infrastructure commitments from development sites, such as improvements to the M40 tunnel, an off-carriageway cycle path along Old Daventry Road, off-road cycle lanes on Warwick Road, and contributions toward upgrading the canal towpath.",,
2026,DIDCOT LOCAL CYCLING AND WALKING INFRASTRUCTURE PLAN,South Oxfordshire District Council and Vale of White Horse District Council,South East,LCWIP,2023-10-31,30,"DfT’s LCWIP technical guidance recommends the use of the PCT to map trip origins and destinations (trip generation), identify desire lines for cycle trips (trip distribution) and allocate trips to specific routes (trip assignment). As such, the PCT has been used as a “starting point” for cycling network planning tasks.",https://mycouncil.oxfordshire.gov.uk/documents/s68729/CMDTM20231214R06%20Annex%201%20-%20Didcot%20LCWIP%20Report.pdf,ok,47,seed-94db,https://mycouncil.oxfordshire.gov.uk/documents/s68729/CMDTM20231214R06%20Annex%201%20-%20Didcot%20LCWIP%20Report.pdf,,,True,"The PCT was used as a starting point for cycling network planning tasks, including mapping trip origins and destinations, identifying desire lines for cycle trips, and allocating trips to specific routes on the road network.",,,True,Example prioritisation multi-criteria assessment framework,"[""Crashmap""]","[""Census 2011 commuting"", ""School travel demand""]",True,"[""Government Target"", ""Go Dutch""]","{""pct"": 27, ""propensity_to_cycle_tool"": 3, ""pct_bike"": 0}",3 - Network design & mapping,,29,"The LCWIP process resulted in the identification of 29 primary cycling routes, the creation of a Core Walking Zone, and the modification of key desire lines based on stakeholder feedback. Additionally, the plan serves as a basis for future funding bids and developer contributions, and has already informed the inclusion of five additional primary routes following Stage 2 consultation.",,
2026,Chipping Norton Local Cycling and Walking Infrastructure Plan (LCWIP),Oxfordshire County Council,South East,LCWIP,April 2025,20,The Propensity to Cycle Tool (PCT) (using 2011 Census journey to work data) and local knowledge were used to create this network.,https://mycouncil.oxfordshire.gov.uk/documents/s75882/CMDTMT25042025%20-%20Chipping%20Norton%20LCWIP.pdf,ok,48,web-search,https://mycouncil.oxfordshire.gov.uk/documents/s75882/CMDTMT25042025%20-%20Chipping%20Norton%20LCWIP.pdf,,,True,"The Propensity to Cycle Tool (PCT) was used to develop a cycle desire line network for Chipping Norton, identifying potential cycling demand and key corridors for improvement.",,,True,Route Selection Tool (RST) and Walking Route Assessment Tool (WRAT),"[""RST"", ""WRAT""]","[""Census 2011 commuting""]",True,,"{""pct"": 7, ""propensity_to_cycle_tool"": 11, ""pct_bike"": 2}",3 - Network design & mapping,False,170,"The LCWIP provides local policy backing to secure funding from central government and planning obligations from development sites, such as the 1,200-home strategic development area east of Chipping Norton. It also directly informed the update of the cycle network following public consultation and serves as a guide for future funding bids and infrastructure allocation.",,
2026,Woodstock and Surrounding Areas Local Cycling and Walking Infrastructure Plan (LCWIP),Oxfordshire County Council,South East,LCWIP,April 2025,10,,https://mycouncil.oxfordshire.gov.uk/documents/s75883/CMDTMT25042025%20-%20Woodstock%20LCWIP.pdf,ok,49,web-search,https://mycouncil.oxfordshire.gov.uk/documents/s75883/CMDTMT25042025%20-%20Woodstock%20LCWIP.pdf,,,True,"The PCT was used to identify cycle desire lines and categorize the network into primary, secondary, and local routes based on forecast flows of people cycling.",,,True,Route Selection Tool (RST) and Walking Route Audit Tool (WRAT),"[""RST"", ""WRAT""]","[""Census 2011 commuting""]",True,"[""Government Target"", ""Go Dutch"", ""E-bike""]","{""pct"": 7, ""propensity_to_cycle_tool"": 2, ""pct_bike"": 1}",3 - Network design & mapping,False,93,"The LCWIP provides local policy backing to maximize the ability to secure funding from central government and planning obligations, and has already been updated based on public consultation comments to refine location references and include additional scheme suggestions.",,
2026,Carterton and the surrounding area Local Cycling and Walking Infrastructure Plan,Oxfordshire County Council,South East,LCWIP,July 2025,28,"The development of the cycle network as part of this LCWIP has been an iterative process and has combined the use of Active Travel England’s recommended tools including the Propensity to Cycle Tool (PCT), as well as local input and knowledge from key stakeholders",https://mycouncil.oxfordshire.gov.uk/documents/s78135/CMDTM091025%20-%20Carterton%20LCWIP%20Final%20Draft%20LCWIP.pdf,ok,50,web-search,https://mycouncil.oxfordshire.gov.uk/documents/s78135/CMDTM091025%20-%20Carterton%20LCWIP%20Final%20Draft%20LCWIP.pdf,,,True,The Propensity to Cycle Tool (PCT) was used to identify cycle desire lines and to inform the prioritisation criteria by comparing 2011 census data against the Government Target 2051.,,,True,"Bespoke prioritisation criteria matrix (scoring 0-2 across Effectiveness, Policy, Deliverability, and Cost categories) and Route Selection Tool (RST) for assessing segregated cycle provision.","[""RST"", ""WRAT""]","[""Census 2011 commuting""]",True,"[""Baseline"", ""Government Target""]","{""pct"": 14, ""propensity_to_cycle_tool"": 13, ""pct_bike"": 1}",2 - Contextual background / data input,True,22,"The LCWIP identifies 22 prioritised routes for infrastructure improvements, such as segregated cycleways and controlled crossings, which are intended to guide future funding from developer contributions and central government bids to address local safety and connectivity needs.",,
2026,Wantage and Grove Area Local Cycling and Walking Infrastructure Plan (LCWIP),Oxfordshire County Council,South East England,LCWIP,November 2025,0,,https://mycouncil.oxfordshire.gov.uk/documents/s79633/CMDTM11122025%20-%20Wantage%20and%20Grove%20LCWIP.pdf,ok,51,web-search,https://mycouncil.oxfordshire.gov.uk/documents/s79633/CMDTM11122025%20-%20Wantage%20and%20Grove%20LCWIP.pdf,,,True,,,,False,,,,,,"{""pct"": 0, ""propensity_to_cycle_tool"": 0, ""pct_bike"": 0}",0 - None,,,,,
2026,Countywide Local Cycling and Walking Infrastructure Plan Summary Report,Norfolk County Council,East of England,LCWIP,May 2023,0,,https://norfolk.citizenspace.com/environment-transport-and-development/aclelcwip/supporting_documents/Countywide%20LCWIP_Summary%20Report_Accessible.pdf,ok,52,web-search,https://norfolk.citizenspace.com/environment-transport-and-development/aclelcwip/supporting_documents/Countywide%20LCWIP_Summary%20Report_Accessible.pdf,,,True,,,,False,,,,,,"{""pct"": 0, ""propensity_to_cycle_tool"": 0, ""pct_bike"": 0}",0 - None,,115,,,
2026,Wellingborough and Rushden Area Local Cycling and Walking Infrastructure Plan,North Northamptonshire Council,East Midlands,LCWIP,March 2025,0,,https://northnorthants.moderngov.co.uk/documents/s28884/Wellingborough+and+Rushden+Area+Local+Cycling+and+Walking+Infrastructure+Plan.pdf,ok,53,web-search,https://northnorthants.moderngov.co.uk/documents/s28884/Wellingborough+and+Rushden+Area+Local+Cycling+and+Walking+Infrastructure+Plan.pdf,,,True,,,,False,,,,,,"{""pct"": 0, ""propensity_to_cycle_tool"": 0, ""pct_bike"": 0}",0 - None,,31,,£110M,110000000
2026,Draft Local Cycling & Walking Infrastructure Plan,Royal Borough of Windsor & Maidenhead,South East,LCWIP,2022,0,,https://rbwmtogether.rbwm.gov.uk/15306/widgets/44982/documents/25696,ok,54,seed-94db,https://rbwmtogether.rbwm.gov.uk/15306/widgets/44982/documents/25696,,,True,,,,False,,,,,,"{""pct"": 0, ""propensity_to_cycle_tool"": 0, ""pct_bike"": 0}",0 - None,,,,,
2026,West of England Local Cycling and Walking Infrastructure Plan,"Bath & North East Somerset, Bristol City, South Gloucestershire, North Somerset Council",West of England,LCWIP,June 2020,1,,https://s3-eu-west-1.amazonaws.com/travelwest/wp-content/uploads/2020/07/LCWIP.pdf,ok,55,web-search,https://s3-eu-west-1.amazonaws.com/travelwest/wp-content/uploads/2020/07/LCWIP.pdf,West of England Combined Authority,,True,,,,False,Cycling and Walking Early Assessment Sifting Tool,,,,,"{""pct"": 0, ""propensity_to_cycle_tool"": 1, ""pct_bike"": 0}",,,85,"The document cites several specific impacts: the Baldwin Street segregated cycle route saw cycle trips increase from 890 to nearly 3,000 per day in 2019; the Brean Down Way route carried at least 44,000 cycle and 30,000 pedestrian trips in 2018; and the Whitehouse Street project increased pedestrian footfall from 859 to 1,628 trips post-scheme.",£411m,411000000
2026,Shropshire Local Cycling & Walking Infrastructure Plan,Shropshire Council,West Midlands,LCWIP,2023-01-20,12,The PCT was also used to forecast the number of commuter cyclists on these routes under the government target (as set out in the Second Cycling and Walking Investment Strategy) to double cycling at a national level.,https://shropshire.gov.uk/committee-services/documents/s34213/Shropshire%20LCWIP%20Final%20Draft.pdf,ok,56,seed-94db,https://shropshire.gov.uk/committee-services/documents/s34213/Shropshire%20LCWIP%20Final%20Draft.pdf,,,True,The PCT was used to identify desire lines for cycle movements by highlighting routes currently used by commuter cyclists and forecasting the number of commuter cyclists under the government target.,,,True,A bespoke appraisal framework consisting of 26 metrics (21 for Effectiveness & Needs Based Appraisal and 5 for Deliverability) used to rank schemes.,"[""Strava Metro"", ""Walking Route Audit Tool""]","[""Census 2011 commuting""]",True,"[""Government Target""]","{""pct"": 6, ""propensity_to_cycle_tool"": 6, ""pct_bike"": 0}",2 - Contextual background / data input,True,,"The LCWIP process resulted in the identification of 10 top-scoring prioritised infrastructure schemes across Oswestry, Shrewsbury, and Ludlow, and established a framework for future funding applications through mechanisms such as the Capability & Ambition Fund, Active Travel Fund, and developer contributions.",,
2026,Shropshire Local Cycling & Walking Infrastructure Plan (LCWIP) Consultation Report,Shropshire Council,West Midlands,LCWIP-related,2024-02-12,0,,https://shropshire.gov.uk/committee-services/documents/s37227/Appendix%209%20-%20Shropshire%20LCWIP%20Consultation%20Report_v1.0.pdf,ok,57,seed-94db,https://shropshire.gov.uk/committee-services/documents/s37227/Appendix%209%20-%20Shropshire%20LCWIP%20Consultation%20Report_v1.0.pdf,,,True,,,,False,,,,,,"{""pct"": 0, ""propensity_to_cycle_tool"": 0, ""pct_bike"": 0}",0 - None,,,,,
2026,St Helens Borough Local Cycling & Walking Infrastructure Plan,St Helens Borough Council,North West,LCWIP,2022-09-20,1,Propensity to Cycle Tool outputs,https://sthelens.gov.uk/media/4732/St-Helens-Borough-LCWIP/pdf/St_Helens_LCWIP_FINAL.pdf?m=637998005068170000,ok,58,seed-94db,https://sthelens.gov.uk/media/4732/St-Helens-Borough-LCWIP/pdf/St_Helens_LCWIP_FINAL.pdf?m=637998005068170000,Liverpool City Region Combined Authority,,True,The Propensity to Cycle Tool (PCT) outputs were used as part of the demand-based data analysis to inform the network planning process.,,,True,"Cycling Level of Service tool (based on LTN 1/20), Scheme Prioritisation Framework (Effectiveness & Needs Based Appraisal and Deliverability appraisal)","[""Strava Metro"", ""Vivacity counters""]",,True,,"{""pct"": 0, ""propensity_to_cycle_tool"": 1, ""pct_bike"": 0}",2 - Contextual background / data input,,17,"The St Helens Southern Gateway project has secured multimillion pound funding to deliver the Liverpool City Region’s first ‘Cycle Optimised Protected Signals’ (CYCLOPS) junction, and 'pop-up' cycle lanes on Chester Lane and Clock Face Road now carry an average of over 3,100 active trips every week.",,
2026,Regional Active Travel Strategy and Action Plan Technical Report 1: Evidence Base Report,,South East,other,2025-06-25,6,"The Propensity to Cycle Tool (PCT)lvi calculates the probability for mode shift to cycling based on trip distances but also hilliness and population. Figure 7-5 portrays propensity to cycle in the TfSE area using the tool. It shows a low propensity for cycle use across the TfSE area based on an analysis using the 2011 Census. It reflects similar patterns to Figure 5-5, where potential is greatest in built-up areas, primarily due to shorter travel distances required. Similarly to desire lines, PCT informed the approach to the RATSAP development by supporting the identification of targeted infrastructure in areas where there is the greatest potential for active travel journeys.",https://transportforthesoutheast.org.uk/app/uploads/2025/06/TfSE-RATSAP-Evidence-Base-Report-2025.pdf,ok,59,web-search,https://transportforthesoutheast.org.uk/app/uploads/2025/06/TfSE-RATSAP-Evidence-Base-Report-2025.pdf,Transport for the South East,,True,"The Propensity to Cycle Tool (PCT) was used to calculate the probability for mode shift to cycling based on trip distances, hilliness, and population, supporting the identification of targeted infrastructure in areas with the greatest potential for active travel journeys.",,,True,Active Travel Progression Model (ATPM) and a multi-criteria assessment framework for network appraisal,"[""Department for Transport\u2019s (DfT\u2019s) route selection tool""]","[""Census 2011 commuting""]",False,"[""Government Target""]","{""pct"": 3, ""propensity_to_cycle_tool"": 2, ""pct_bike"": 1}",2 - Contextual background / data input,False,,"The PCT tool was used to support the identification of targeted infrastructure in areas where there is the greatest potential for active travel journeys, helping to inform the RATSAP development approach.",,
2026,LOCAL CYCLING & WALKING INFRASTRUCTURE PLAN Background Report,Portsmouth City Council,South East,LCWIP,May 2020,11,The Propensity to Cycle Tool (PCT): a website analysis tool3 which forecasts the potential future growth of cycle trips under different scenarios for travel to work and travel to school.,https://travel.portsmouth.gov.uk/wp-content/uploads/2020/08/Background-Report.pdf,ok,60,seed-94db,https://travel.portsmouth.gov.uk/wp-content/uploads/2020/08/Background-Report.pdf,,,True,The PCT was used to forecast potential future growth of cycle trips under different scenarios to inform the identification of desire lines and the prioritisation of cycling corridors.,,,True,"Route Selection Tool (RST) and Walking Route Audit Tool (WRAT) were used for auditing, and a custom prioritisation matrix was developed using weighted criteria including existing/potential demand, strategic projects, economy, education, housing, and public health.","[""RST"", ""WRAT""]","[""Census 2011 commuting"", ""School travel demand""]",True,"[""Government Target""]","{""pct"": 6, ""propensity_to_cycle_tool"": 3, ""pct_bike"": 2}",3 - Network design & mapping,True,11,"The council secured £4m in Tranche 1 funding from the Transforming Cities Fund, with £2.6m allocated to three junction improvements and Real Time Information installation, and the LCWIP evidence base is being used to support further funding bids for the Transforming Cities Fund and Clean Air Fund.",£114m-208m,208000000
2026,Portsmouth Local Cycling and Walking Infrastructure Plan (LCWIP),Portsmouth City Council,South East,LCWIP,August 2020,0,,https://travel.portsmouth.gov.uk/wp-content/uploads/2020/08/LCWIP-Draft-for-consultation_web.pdf,ok,61,seed-94db,https://travel.portsmouth.gov.uk/wp-content/uploads/2020/08/LCWIP-Draft-for-consultation_web.pdf,,,True,,,,False,,,,,,"{""pct"": 0, ""propensity_to_cycle_tool"": 0, ""pct_bike"": 0}",0 - None,,,,,
2026,,Tunbridge Wells,South East,LCWIP,2021-11-01,0,,https://tunbridgewells.gov.uk/__data/assets/pdf_file/0007/385333/05_LCWIP-Phase-2_Final-Report.pdf,failed,62,seed-94db,https://tunbridgewells.gov.uk/__data/assets/pdf_file/0007/385333/05_LCWIP-Phase-2_Final-Report.pdf,,,True,,,,False,,,,,,"{""pct"": 0, ""propensity_to_cycle_tool"": 0, ""pct_bike"": 0}",0 - None,,,,,
2026,Project Approvals,,West Yorkshire,LCWIP-related,2023-07-07,0,,https://westyorkshire.moderngov.co.uk/mgConvert2PDF.aspx?ID=31798,ok,63,web-search,https://westyorkshire.moderngov.co.uk/mgConvert2PDF.aspx?ID=31798,West Yorkshire Combined Authority,,True,,1.52 miles of new segregated cycle infrastructure; 7.63 miles of new shared walking and cycling provision,,False,,,,,,"{""pct"": 0, ""propensity_to_cycle_tool"": 0, ""pct_bike"": 0}",0 - None,,16,,"£19,961,635",19961635
2026,Local Cycling & Walking Infrastructure Plan,Adur & Worthing Councils,South East England,LCWIP,October 2019,33,The aim of the PCT is to inform planning and investment decisions for cycling infrastructure by showing the existing and potential distribution of commuter cycle trips and therefore inform which investment locations could represent best value for money.,"https://www.adur-worthing.gov.uk/media/Media,158651,smxx.pdf",ok,64,seed-94db,"https://www.adur-worthing.gov.uk/media/Media,158651,smxx.pdf",,,True,"The PCT was used to inform planning and investment decisions by showing the existing and potential distribution of commuter and school cycle trips, helping to identify areas for appropriate investment and to test the emerging network against modelled scenarios.",,,True,Route Selection Tool (RATE),"[""Sustrans Earthlight"", ""Route Selection Tool""]","[""Census 2011 commuting"", ""School travel demand""]",True,"[""Baseline"", ""Government Target"", ""Go Dutch""]","{""pct"": 30, ""propensity_to_cycle_tool"": 2, ""pct_bike"": 1}",3 - Network design & mapping,False,30,"The LCWIP process has directly influenced the development of a proposed network of cycling and walking routes, informed the prioritisation of infrastructure improvements, and is being used by West Sussex County Council to develop business cases for routes that connect places.",,
2026,"Lancashire County Council & Blackpool Council (and Fylde Council, Wyre Council)","Lancashire County Council & Blackpool Council (and Fylde Council, Wyre Council)",,other,07 May 2024,0,,https://www.atkinsrealis.com,ok,65,seed-94db,https://www.atkinsrealis.com,,,True,,,,False,,,,,,"{""pct"": 0, ""propensity_to_cycle_tool"": 0, ""pct_bike"": 0}",0 - None,,,,,
2026,Local Cycling and Walking Infrastructure Plan 2024 - 2034,Blaby District Council,East Midlands,LCWIP,2024,12,We have employed the Propensity to Cycle Tool to support with establishing desire lines for cycle movements in the District of Blaby.,https://www.blaby.gov.uk/media/r0zjdj5m/blaby-district-council-lcwip-2024-230724.pdf,ok,66,seed-94db,https://www.blaby.gov.uk/media/r0zjdj5m/blaby-district-council-lcwip-2024-230724.pdf,,,True,"The PCT was used to establish desire lines for cycle movements by identifying plausible route options where investment could have the most influence and impact, helping to inform the draft network map.",,,True,Walking Route Audit Tool (WRAT) and a 12-indicator scoring matrix for cycling routes and 10-indicator scoring matrix for walking routes.,"[""WRAT"", ""Paths for Everyone Cost Calculator""]","[""Census 2011 commuting"", ""School travel demand""]",True,"[""Government Target"", ""Go Dutch""]","{""pct"": 5, ""propensity_to_cycle_tool"": 6, ""pct_bike"": 1}",3 - Network design & mapping,False,10,"The LCWIP process has identified a prioritised programme of infrastructure improvements, including tier one cycle routes such as the Warwick Road corridor (£5.5m) and the B582 Next HQ to Fox Hunter Roundabout corridor (£7.82m), and has established a framework for future investment and integration into the Blaby District Local Plan.",,
2026,Local Cycling and Walking Infrastructure Plan (LCWIP),Bracknell Forest Council,South East,LCWIP,2024-11,12,"The PCT helps identify desire lines for cycle traffic for trips to work and to schools. It can also help inform network development, as its outputs can be configured to be applied to the existing network, giving ‘heat maps’ of indicative demand.",https://www.bracknell-forest.gov.uk/sites/default/files/2024-11/local-cycling-and-walking-infrastructure-plan.pdf,ok,67,seed-94db,https://www.bracknell-forest.gov.uk/sites/default/files/2024-11/local-cycling-and-walking-infrastructure-plan.pdf,,,True,"The PCT was used to identify desire lines for cycle traffic for trips to work and school, and to generate heat maps of indicative demand to inform network development.",,,True,"Multi-Criteria Appraisal Tool (MCAT), GIS LCWIP Model, Route Selection Tool (RST), and Walking Route Audit Tool (WRAT)","[""GIS LCWIP Model"", ""Route Selection Tool (RST)"", ""Walking Route Audit Tool (WRAT)"", ""Multi-Criteria Appraisal Tool (MCAT)""]","[""Census 2011 commuting"", ""School travel demand""]",True,"[""Go Dutch""]","{""pct"": 7, ""propensity_to_cycle_tool"": 5, ""pct_bike"": 0}",3 - Network design & mapping,False,,"The LCWIP process has informed the development of a borough-wide primary and secondary cycling and walking network, identified specific infrastructure interventions (such as traffic calming, segregated cycle tracks, and school streets), and established a prioritised list of schemes for future funding bids and developer contributions.","£82,317,186",82317186
2026,Broads Local Cycling and Walking Infrastructure Plan,Broads Authority,East of England,LCWIP,2025-03-05,0,,https://www.broads-authority.gov.uk/__data/assets/pdf_file/0017/152342/Broads_Local_Cycling_and_Walking_Infrastructure_Plan.pdf,ok,68,retry,https://www.broads-authority.gov.uk/__data/assets/pdf_file/0017/152342/Broads_Local_Cycling_and_Walking_Infrastructure_Plan.pdf,,,True,,,,False,,,,,,"{""pct"": 0, ""propensity_to_cycle_tool"": 0, ""pct_bike"": 0}",0 - None,,,,,
2026,Buckinghamshire Local Cycling and Walking Infrastructure Plan (LCWIP),Buckinghamshire Council,South East,LCWIP,2024,2,"The government-funded Propensity to Cycle Tool (PCT) forecasts potential future demand for cycling to work and to school under different scenarios, accounting for trip distance and hilliness.",https://www.buckinghamshire.gov.uk/documents/35977/Buckinghamshire_Local_Cycling_and_Walking_Infrastructure_Plan_LCWIP.pdf,ok,69,seed-94db,https://www.buckinghamshire.gov.uk/documents/35977/Buckinghamshire_Local_Cycling_and_Walking_Infrastructure_Plan_LCWIP.pdf,,,True,"The Propensity to Cycle Tool (PCT) was used to forecast potential future demand for cycling to work and to school under different scenarios, accounting for trip distance and hilliness, to help identify potential for active travel.",,,True,Digital mapping software was used to calculate likely scale of trips and to map local aspirations identified by Councillors and Community Boards; priority corridors were selected based on criteria including high potential for active travel journeys and alignment with local aspirations.,,"[""Census 2011 commuting"", ""School travel demand""]",False,,"{""pct"": 1, ""propensity_to_cycle_tool"": 1, ""pct_bike"": 0}",2 - Contextual background / data input,False,73,"The Waddesdon Greenway, delivered in 2018, recorded over 160,000 trips in 2020 and subsequently benefited from an 800m extension to connect into Waddesdon village via local schools.",,
2026,Cambridgeshire’s Local Cycling and Walking Infrastructure Plan (LCWIP),Cambridgeshire County Council,East of England,LCWIP,October 2022,0,,https://www.cambridgeshire.gov.uk/residents/travel-roads-and-parking/transport-plans-and-policies/cambridgeshires-local-cycling-and-walking-infrastructure-plan-lcwip,ok,70,seed-94db,https://www.cambridgeshire.gov.uk/residents/travel-roads-and-parking/transport-plans-and-policies/cambridgeshires-local-cycling-and-walking-infrastructure-plan-lcwip,Cambridgeshire and Peterborough Combined Authority,,True,,,,False,,,,,,"{""pct"": 0, ""propensity_to_cycle_tool"": 0, ""pct_bike"": 0}",0 - None,,,,,
2026,Local Cycling and Walking Infrastructure Plan 2020 – 2030,Cheshire West and Chester Council,North West,LCWIP,2020,3,"A range of online tools including a Propensity to Cycle Tool, a Route Selection Tool, and a Walking Route Audit Tool were also prepared by the Department for Transport (DfT) and made available to help develop local plans.",https://www.cheshirewestandchester.gov.uk/asset-library/transport/cycling/local-cycling-and-walking-infrastructure-plan-2020-2030.pdf,ok,71,seed-94db,https://www.cheshirewestandchester.gov.uk/asset-library/transport/cycling/local-cycling-and-walking-infrastructure-plan-2020-2030.pdf,,,True,The Propensity to Cycle Tool was used as part of the evidence base to help map and consider future cycling networks and identify proposed new routes.,,,True,"Route Selection Tool, Walking Route Audit Tool, and a prioritisation matrix based on effectiveness, policy fit, deliverability, and affordability.","[""Route Selection Tool"", ""Walking Route Audit Tool""]",,True,,"{""pct"": 0, ""propensity_to_cycle_tool"": 3, ""pct_bike"": 0}",2 - Contextual background / data input,,,"The LCWIP process and evidence base have directly informed the identification of cycling and walking infrastructure improvements for future investment, supported the development of the 'Walk. Ride. Thrive' initiative, and provided a strategic framework to make the case for future funding and investment in active travel.",,
2026,Chichester Local Cycling & Walking Infrastructure Plan (LCWIP),Chichester District Council,South East,LCWIP,January 2021,20,"The DfT’s Propensity to Cycle Tool (PCT) shows the increase in cycling, based on a range of scenarios. The PCT extrapolates from current cycling patterns based on cycle trip distances and hilliness. This can then be used to show where people might cycle if it was safe and convenient.",https://www.chichester.gov.uk/media/39558/Local-Cycling-and-Walking-Infrastructure-Plan-LCWIP/pdf/Local_Cycling_and_Walking_Infrastructure_Plan_LCWIP.pdf?m=1714123154250,ok,72,seed-94db,https://www.chichester.gov.uk/media/39558/Local-Cycling-and-Walking-Infrastructure-Plan-LCWIP/pdf/Local_Cycling_and_Walking_Infrastructure_Plan_LCWIP.pdf?m=1714123154250,,,True,"The PCT was used to analyze existing cycling levels, identify potential trip corridors, and model future cycling potential under specific scenarios to inform the development of the proposed cycle network.",58km,58,True,Multi-Criteria Assessment Framework,"[""RST"", ""WRAT""]","[""Census 2011 commuting"", ""School travel demand""]",True,"[""Government Target"", ""Go Cambridge""]","{""pct"": 16, ""propensity_to_cycle_tool"": 4, ""pct_bike"": 0}",3 - Network design & mapping,False,19,"The LCWIP process led to the identification of a 58km cycle network, the development of 'Do Minimum' and 'Do More' infrastructure measures with estimated costs of £9.8 million and £14.3 million respectively, and the integration of these schemes into the council's Infrastructure Business Plan and emerging Revised Local Plan to support growth through 2035.",£9.8 million for the Do Minimum scenario. A total of £14.3 million would be needed to achieve the Do More outcomes.,14300000
2026,LOCAL CYCLING AND WALKING INFRASTRUCTURE PLAN technical report,Cumbria County Council,North West,LCWIP,March 2022,12,"The key radial routes of the A7 corridor, Castle Way, London Road, Warwick Road converging on the City Centre area are the most popular routes in all current and future scenarios in the Propensity to Cycle Tool (PCT) (see www.pct.bike for further information on the PCT).",https://www.cumberland.gov.uk/sites/default/files/2025-04/carlisle_lcwip_technical_report.pdf,ok,73,seed-94db,https://www.cumberland.gov.uk/sites/default/files/2025-04/carlisle_lcwip_technical_report.pdf,,,True,"The Propensity to Cycle Tool (PCT) was used to validate identified desire lines, forecast potential growth for cycling, and identify the most popular routes in current and future scenarios.",circa 100km,100,True,"Assessment and Sifting Tool (EAST), Route Selection Tool (RST), and a custom prioritisation framework with scoring criteria (Effectiveness, Policy, Economic, Deliverability).","[""Strava"", ""RST"", ""WRAT"", ""EAST""]","[""Census 2011 commuting"", ""School travel demand""]",True,"[""Government Target"", ""Go Dutch""]","{""pct"": 8, ""propensity_to_cycle_tool"": 3, ""pct_bike"": 1}",2 - Contextual background / data input,True,41,"Carlisle was awarded £19.7m of funding from the Towns Fund for regeneration and connectivity, and £9.1 million was secured for the City Centre through the Future High Streets Fund. Additionally, the LCWIP process has directly informed the prioritisation of 38 cycling routes and 9 primary walking routes, with the Priority Cycling Network map being refined based on public consultation feedback.",£132.5 million,132500000
2026,LOCAL CYCLING AND WALKING INFRASTRUCTURE PLAN TECHNICAL REPORT Whitehaven,Cumbria County Council,North West England,LCWIP,July 2022,13,"The link between Whitehaven and Bigrigg, consisting of Loop Road South and Egremont Road, appears to be the most popular route in all current and future scenarios in the Propensity to Cycle Tool (PCT) (see www.pct.bike for further information on the PCT).",https://www.cumberland.gov.uk/sites/default/files/2025-04/whitehaven_lcwip_technical_report.pdf,ok,74,seed-94db,https://www.cumberland.gov.uk/sites/default/files/2025-04/whitehaven_lcwip_technical_report.pdf,,,True,The PCT Go Dutch scenario outputs were used to validate identified desire lines and support the network planning process by comparing potential future cycling demand against the identified routes.,circa 38km,38,True,"A prioritisation framework was developed using criteria including Effectiveness, Alignment with policy objectives, Economic factors, and Deliverability issues.","[""Strava"", ""RST"", ""EAST"", ""WRAT""]","[""Census 2011 commuting"", ""School travel demand""]",False,"[""Go Dutch""]","{""pct"": 9, ""propensity_to_cycle_tool"": 3, ""pct_bike"": 1}",2 - Contextual background / data input,False,18,"The LCWIP process has identified a priority cycling network of 18 routes and a priority walking network, with estimated delivery costs of £57 million and £16 million respectively, to be used as a basis for securing government funding and developer contributions.",£57 million,57000000
2026,Local Cycling and Walking Infrastructure Plans (LCWIPs),Devon County Council,South West,LCWIP,March 2025,0,,https://www.devon.gov.uk/roads-and-transport/traffic-information/transport-planning/local-cycling-and-walking-infrastructure-plans-lcwips/,ok,75,web-search,https://www.devon.gov.uk/roads-and-transport/traffic-information/transport-planning/local-cycling-and-walking-infrastructure-plans-lcwips/,,,True,,,,False,,,,,,"{""pct"": 0, ""propensity_to_cycle_tool"": 0, ""pct_bike"": 0}",0 - None,,,,,
2026,BBC LOCAL CYCLING & WALKING INFRASTRUCTURE PLAN PLUS,Basildon Borough Council,East of England,LCWIP,JUNE 2021,15,"For this study the top five straight line desire lines between Census Local Super Output Areas (LSOAs) were determined, applying the ‘Go Dutch Scenario’ which considers the increase in cycle users if England had the same infrastructure and cycling culture as the Netherlands.",https://www.essexhighways.org/uploads/files/getting%20around/cycling/basildon-lcwip-report.pdf,ok,76,web-search,https://www.essexhighways.org/uploads/files/getting%20around/cycling/basildon-lcwip-report.pdf,Association of South Essex Local Authorities,,True,The PCT was used as a layer of evidence to assist in the development of the cycle network by identifying promising areas for potential cycle growth and informing network development.,,,True,"WSP GIS model using hexagon clustering, Route Selection Tool (RST), Walking Route Audit Tool (WRAT), and Active Mode Appraisal Toolkit (AMAT)","[""RST"", ""WRAT"", ""Active Mode Appraisal Toolkit"", ""TRACC""]","[""Census 2011 commuting""]",True,"[""Go Dutch""]","{""pct"": 8, ""propensity_to_cycle_tool"": 6, ""pct_bike"": 1}",2 - Contextual background / data input,,13,"The PCT analysis and stakeholder workshops led to the identification of a cycle network map, the prioritization of specific routes (such as the Basildon East-West Link and Billericay to Basildon corridor), and the revision of infrastructure proposals to align with LTN 1/20 standards, such as replacing toucan crossings with signalized pedestrian/cycle crossings.",,
2026,Guildford Borough Local Cycling and Walking Infrastructure Plan,Guildford Borough Council,South East,LCWIP,2021-09-01,0,,https://www.guildford.gov.uk/media/36793/Guildford-LCWIP-Chapter-2/pdf/Guildford_LCWIP_Chapter_2.pdf?m=1746179680000,ok,77,seed-94db,https://www.guildford.gov.uk/media/36793/Guildford-LCWIP-Chapter-2/pdf/Guildford_LCWIP_Chapter_2.pdf?m=1746179680000,,,True,,,,False,,,,,,"{""pct"": 0, ""propensity_to_cycle_tool"": 0, ""pct_bike"": 0}",0 - None,,7,,,
2026,Hart District Local Cycling and Walking Infrastructure Plan (LCWIP),Hart District Council,South East,LCWIP,July 2024,25,"In addition to the clustering exercise, the PCT has been used to identify which routes within the study area have the greatest potential for an increase in the number of commuters cycling to work and the number of children cycling to school.",https://www.hart.gov.uk/sites/default/files/2024-08/Hart-District-LCWIP-v17ac.pdf,ok,78,seed-94db,https://www.hart.gov.uk/sites/default/files/2024-08/Hart-District-LCWIP-v17ac.pdf,Hampshire County Council,,True,"The PCT was used to identify routes with the greatest potential for increased cycling (commuter and school trips), to test the emerging network, and to provide evidence for the network planning process.",,,True,"A prioritisation methodology was developed by Hampshire County Council, using a scoring system of 1 to 3 across four categories (Effectiveness, Policy, Economics, Deliverability) to rank routes and zones.","[""ArcGIS"", ""Route Selection Tool (RST)"", ""Walking Route Audit Tool (WRAT)"", ""Healthy Streets Design Check (HSDC)""]","[""Census 2011 commuting"", ""School travel demand""]",False,"[""Baseline"", ""Government Target"", ""Go Dutch"", ""E-bike""]","{""pct"": 16, ""propensity_to_cycle_tool"": 9, ""pct_bike"": 0}",3 - Network design & mapping,False,12,"The LCWIP has informed the development of the Green Grid, including the pilot route between Hartland Village and Fleet Railway Station (opened Summer 2022), and serves as a strategic document to enable the Council to bid for central Government funding for active travel infrastructure.",,
2026,Local Cycling and Walking Infrastructure Plans (LCWIPs),Hertfordshire County Council,East of England,LCWIP,,0,,https://www.hertfordshire.gov.uk/about-the-council/consultations/transport-and-highways/lcwips-2022/lcwips-2022.aspx,ok,79,web-search,https://www.hertfordshire.gov.uk/about-the-council/consultations/transport-and-highways/lcwips-2022/lcwips-2022.aspx,,,True,,,,False,,,,,,"{""pct"": 0, ""propensity_to_cycle_tool"": 0, ""pct_bike"": 0}",0 - None,,,,,
2026,Horsham District Local Cycling and Walking Infrastructure Plan,Horsham District Council,South East,LCWIP,March 2023,0,,https://www.horsham.gov.uk/__data/assets/pdf_file/0017/113165/Horsham-District-Local-Cycling-and-Walking-Infrastructure-Plan.pdf,failed,80,seed-94db,https://www.horsham.gov.uk/__data/assets/pdf_file/0017/113165/Horsham-District-Local-Cycling-and-Walking-Infrastructure-Plan.pdf,,,True,,,,False,,,,,,"{""pct"": 0, ""propensity_to_cycle_tool"": 0, ""pct_bike"": 0}",0 - None,,,,,
2026,Draft Ipswich Local Cycling and Walking Infrastructure Plan (LCWIP),Ipswich Borough Council,East of England,LCWIP,2025-07,15,,https://www.ipswich.gov.uk/sites/ipswich/files/2025-07/FINAL%20Ipswich%20LCWIP%2007.07.25.pdf,ok,81,seed-94db,https://www.ipswich.gov.uk/sites/ipswich/files/2025-07/FINAL%20Ipswich%20LCWIP%2007.07.25.pdf,,,True,"The Propensity to Cycle Tool was used to demonstrate cycling desire lines for journeys to work and school, and to assess potential cycling rates under different scenarios to assist in identifying new schemes.",,,True,Multi Criteria Assessment Framework (MCAF) and Walking Route Audit Tool (WRAT),"[""WRAT"", ""Route Selection Tool""]","[""Census 2011 commuting"", ""School travel demand""]",True,"[""Go Dutch"", ""E-bike""]","{""pct"": 2, ""propensity_to_cycle_tool"": 11, ""pct_bike"": 2}",2 - Contextual background / data input,False,85,The document states that the LCWIP is a strategic approach to identify improvements and that having a prioritised list of routes 'ready to go' will place Ipswich and Suffolk in a stronger position to bid for and secure delivery funding when opportunities arise.,,
2026,,Lancashire County Council (for Lancaster District),,other,2024-04-16,0,,https://www.lancashire.gov.uk/media/951846/lancaster.pdf,failed,82,seed-94db,https://www.lancashire.gov.uk/media/951846/lancaster.pdf,,,True,,,,False,,,,,,"{""pct"": 0, ""propensity_to_cycle_tool"": 0, ""pct_bike"": 0}",0 - None,,,,,
2026,Loughborough Area Local Cycling and Walking Infrastructure Plan Executive Summary,Leicestershire County Council,East Midlands,LCWIP,2023-11,0,,https://www.leicestershire.gov.uk/sites/default/files/2023-11/Loughborough-Area-Local-Cycling-and-Walking-Infrastructure-Plan-Executive-Summary.pdf,failed,83,seed-94db,https://www.leicestershire.gov.uk/sites/default/files/2023-11/Loughborough-Area-Local-Cycling-and-Walking-Infrastructure-Plan-Executive-Summary.pdf,,,True,,,,False,,,,,,"{""pct"": 0, ""propensity_to_cycle_tool"": 0, ""pct_bike"": 0}",0 - None,,,,,
2026,,Luton Council,,other,2023-01-01,0,,https://www.luton.gov.uk/Transport_and_streets/Lists/LutonDocuments/PDF/Responsible%20travel/lcwip.pdf,failed,84,seed-94db,https://www.luton.gov.uk/Transport_and_streets/Lists/LutonDocuments/PDF/Responsible%20travel/lcwip.pdf,,,True,,,,False,,,,,,"{""pct"": 0, ""propensity_to_cycle_tool"": 0, ""pct_bike"": 0}",0 - None,,,,,
2026,Knowsley Local Cycling and Walking Infrastructure Plan,Knowsley Metropolitan Borough Council,Northwest England,LCWIP,March 2025,21,The main tool used in the development of the cycle network was the propensity to cycle tool (PCT).,https://www.merseycycle.org.uk/wp-content/uploads/2025/03/LCWIP-Report-Consultation-Draft.pdf,ok,85,web-search,https://www.merseycycle.org.uk/wp-content/uploads/2025/03/LCWIP-Report-Consultation-Draft.pdf,Liverpool City Region Combined Authority,,True,"The PCT was used as the primary tool to identify potential cycling demand, inform the development of the cycle network, and identify desire lines for commuting cyclists.",,,True,"Cycle Intervention Prioritisation Matrix, Walking Intervention Prioritisation Matrix, Walking Route Assessment Tool (WRAT), Cycling Level of Service (CLoS) tool","[""Local Transport Note 1/20"", ""Cycling Level of Service Tool (CLOS)"", ""Walking Route Audit Tool (WRAT)""]","[""Census 2011 commuting""]",True,"[""Government Target"", ""Go Dutch""]","{""pct"": 13, ""propensity_to_cycle_tool"": 8, ""pct_bike"": 0}",3 - Network design & mapping,True,43,"The LCWIP led to the identification of 18 Primary, 16 Secondary, and nine 'Missing Link' cycle routes, as well as 111 prioritised walking routes. It also resulted in the upgrading of routes 2, 3, 10, and 34 to high priority due to ringfenced funding from linked developments, and the removal of routes 5, 29, and 31 due to overlap with other identified routes.",,
2026,Mid Sussex District Council Local Cycling and Walking Infrastructure Plan (LCWIP),Mid Sussex District Council,South East,LCWIP,March 2023,65,The Propensity to Cycle Tool (www.pct.bike) is a nationwide model that identifies where increases in the rates of cycling can be expected through the provision of better infrastructure.,https://www.midsussex.gov.uk/media/9010/mid-sussex-local-cycling-and-walking-infrastructure-plan-2023-vfinal.pdf,ok,86,seed-94db,https://www.midsussex.gov.uk/media/9010/mid-sussex-local-cycling-and-walking-infrastructure-plan-2023-vfinal.pdf,,,True,"The PCT was used to identify latent demand for cycle and school commuting, model future cycling flows under the 'E-Bike' and 'Go Dutch' scenarios, and inform the development of the cycle network by identifying key desire lines.",,,True,Route Selection Tool (RST) and Walking Route Audit Tool (WRAT),"[""RST"", ""WRAT""]","[""Census 2011 commuting"", ""School travel demand""]",True,"[""Government Target"", ""Go Dutch"", ""E-bike""]","{""pct"": 53, ""propensity_to_cycle_tool"": 9, ""pct_bike"": 3}",3 - Network design & mapping,,,"The LCWIP identifies a pipeline of investment and prioritised infrastructure improvements to support active travel, though it is noted that the plan is not designed to create 'shovel-ready' proposals and will require further design work if delivery funding is secured.",,
2026,D2N2 Local Cycling and Walking Infrastructure Plan,"Derby City Council, Derbyshire County Council, Nottingham City Council, and Nottinghamshire County Council [3]",D2N2,LCWIP,April 2021,24,The 2011 Census Journey to Work Data forms the basis of the Propensity to Cycle Tool (PCT). The GIS team used the open source data from the PCT to develop a bespoke demand assessment for D2N2.,https://www.nottinghamshire.gov.uk/media/5081421/d2n2localcyclingandwalkinginfrastructureplan.pdf,ok,87,seed-94db,https://www.nottinghamshire.gov.uk/media/5081421/d2n2localcyclingandwalkinginfrastructureplan.pdf,,,True,"The Propensity to Cycle Tool (PCT) was used to develop a bespoke demand assessment for the D2N2 area by analyzing 2011 Census Journey to Work data to identify short trips and potential for modal shift, which helped validate existing network plans and inform prioritisation.",,,True,"A bespoke demand assessment for D2N2 using open source data from the PCT, and a prioritisation exercise using core indicators (Congestion, Health Deprivation, Economic Growth, Tourism, Air quality/CO2 emissions, and Mode shift potential) to categorize schemes into short, medium, or long-term delivery.",,"[""Census 2011 commuting"", ""National Travel Survey""]",True,"[""Government Target"", ""E-bike""]","{""pct"": 14, ""propensity_to_cycle_tool"": 7, ""pct_bike"": 3}",2 - Contextual background / data input,True,1012,"The LCWIP process informed the successful Transforming Cities Fund bid, supported applications for the Emergency Active Travel Fund (EATF), and helped secure £18m for active travel infrastructure from the Local Growth Fund in 2015.",,
2026,North West Leicestershire Local Cycling and Walking Infrastructure Plan,North West Leicestershire District Council,East Midlands,LCWIP,2023-07-01,17,"The PCT was used in the Cycling and Walking Strategy, almogside other sources of data, toidentify and prioritise the cycle route options incorporated into the LCWIP.",https://www.nwleics.gov.uk/files/documents/lcwip/Appendix%204%20NWLDC-LCWIP-.pdf,ok,88,seed-94db,https://www.nwleics.gov.uk/files/documents/lcwip/Appendix%204%20NWLDC-LCWIP-.pdf,,,True,"The PCT was used to identify potential cycling routes based on current commonality and growth potential, to investigate user number increases under different scenarios, and to inform the prioritisation of cycle route options.",,,True,Walking Route Audit Tool (WRAT) and a Sustrans wide cost calculator tool,"[""WRAT"", ""RST"", ""CycleStreets"", ""AMAT""]","[""Census 2011 commuting"", ""School travel demand""]",True,"[""Baseline"", ""Go Dutch"", ""E-bike""]","{""pct"": 12, ""propensity_to_cycle_tool"": 4, ""pct_bike"": 1}",3 - Network design & mapping,True,65,The LCWIP provides a prioritised programme of infrastructure improvements to make the case for future funding and to ensure cycling and walking are considered within local planning and transport policies.,,
2026,Abingdon Local Cycling and Walking Infrastructure Plan,Oxfordshire County Council,South East,LCWIP,January 2023,34,"The DfT-funded Propensity to Cycle Tool (PCT) – based on origins and destinations (clustered at LSOA population weighted centroids in order to avoid disclosure of personal information) from data on travel to work collected during the 2011 census – is a useful starting point in identifying where cycling is currently common, as well as where there is significant potential for increasing cycling levels.",https://www.oxfordshire.gov.uk/sites/default/files/file/roads-and-transport-connecting-oxfordshire/Abingdon_LCWIP.pdf,ok,89,seed-94db,https://www.oxfordshire.gov.uk/sites/default/files/file/roads-and-transport-connecting-oxfordshire/Abingdon_LCWIP.pdf,,,True,"The PCT was used to identify existing cycling routes, estimate potential cycling flows under different scenarios, and highlight areas with high potential for increasing cycling levels to inform network planning and infrastructure prioritisation.",,,True,Rapid Cycleway Prioritisation Tool (commissioned by Sustrans and the DfT) and CycleStreets low traffic neighbourhoods and modal filters mapping tool,"[""CycleStreets"", ""Rapid Cycleway Prioritisation Tool"", ""Strava Global Heatmap""]","[""Census 2011 commuting"", ""School travel demand""]",True,"[""Baseline"", ""Go Dutch"", ""E-bike""]","{""pct"": 29, ""propensity_to_cycle_tool"": 5, ""pct_bike"": 0}",2 - Contextual background / data input,True,108,The results from the Rapid Cycleway Prioritisation Tool (which uses PCT data) were used to help secure funding through the DfT’s Active Travel Fund Tranche 3 for feasibility and preliminary design for an active travel scheme along Ock Street.,,
2026,Kidlington Local Cycling and Walking Infrastructure Plan (LCWIP),Oxfordshire County Council,South East,LCWIP,January 2022,24,The Propensity to Cycle Tool (PCT) has been used to identify baseline (2011 Census) cycle commuting modal shares and the existing network.,https://www.oxfordshire.gov.uk/sites/default/files/file/roads-and-transport-major-projects/Kidlington_LCWIP.pdf,ok,90,seed-94db,https://www.oxfordshire.gov.uk/sites/default/files/file/roads-and-transport-major-projects/Kidlington_LCWIP.pdf,,,True,"The Propensity to Cycle Tool (PCT) was used to identify baseline 2011 Census cycle commuting modal shares, model future potential cycling scenarios (Government target, Gender equality, Go Dutch, E-bike), and identify key cycle routes and desire lines to inform network improvements.",,,True,Route Selection Tool,"[""Route Selection Tool""]","[""Census 2011 commuting""]",True,"[""Baseline"", ""Government Target"", ""Go Dutch"", ""E-bike""]","{""pct"": 21, ""propensity_to_cycle_tool"": 3, ""pct_bike"": 0}",3 - Network design & mapping,True,,"The LCWIP has secured funding through the Oxfordshire Growth Deal for the Kidlington Roundabout improvements (anticipated delivery 2023) and has informed the planning of A44 and A4260 corridor improvements, including the provision of segregated cycle paths and shared use paths.",,
2026,Bicester LCWIP Town Update 2023,Oxfordshire County Council,South East,LCWIP,2023,0,,https://www.oxfordshire.gov.uk/sites/default/files/file/roads-and-transport-policies-and-plans/BicesterLCWIPTownUpdate2023.pdf,ok,91,seed-94db,https://www.oxfordshire.gov.uk/sites/default/files/file/roads-and-transport-policies-and-plans/BicesterLCWIPTownUpdate2023.pdf,,,True,,,,False,,,,,,"{""pct"": 0, ""propensity_to_cycle_tool"": 0, ""pct_bike"": 0}",0 - None,,,,,
2026,Chipping Norton Local Cycling and Walking Infrastructure Plan,Oxfordshire County Council,South East,LCWIP,April 2025,7,The Propensity to Cycle Tool (PCT) (using 2011 Census journey to work data) and local knowledge were used to create this network.,https://www.oxfordshire.gov.uk/sites/default/files/file/roads-and-transport-policies-and-plans/ChippingNortonLCWIP.pdf,ok,92,seed-94db,https://www.oxfordshire.gov.uk/sites/default/files/file/roads-and-transport-policies-and-plans/ChippingNortonLCWIP.pdf,,,True,"The Propensity to Cycle Tool (PCT) was used to identify and classify cycle desire lines (Primary, Secondary, and Local) based on 2011 Census journey to work data to help create the cycle network.",,,True,Route Selection Tool (RST) and Walking Route Audit Tool (WRAT),"[""Route Selection Tool (RST)"", ""Walking Route Audit Tool (WRAT)""]","[""Census 2011 commuting""]",True,,"{""pct"": 3, ""propensity_to_cycle_tool"": 4, ""pct_bike"": 0}",2 - Contextual background / data input,False,170,"The LCWIP identifies 170 specific infrastructure improvement schemes, including junction redesigns, new crossings, and cycle parking, which will guide future funding bids and developer contributions to improve active travel and air quality.",,
2026,Witney Local Cycling and Walking Infrastructure Plan,Oxfordshire County Council,South East,LCWIP,March 2023,7,"The cycle desire line network shows the routes people want to cycle regardless of whether they are currently suitable for cycling. Figure 2 and Figure 3 illustrate this cycle desire line network. The PCT classifies these routes as: • Primary – high flows of people cycling are forecast along desire lines that link large residential areas to places such as the town centre • Secondary – medium flows of people cycling are forecast along desire lines that link to places such as schools, colleges and employment sites • Local – lower flows of people cycling are forecast along desire lines that cater for local cycle trips, often providing links to primary or secondary desire lines",https://www.oxfordshire.gov.uk/sites/default/files/file/roads-and-transport-policies-and-plans/Witney_LCWIP.pdf,ok,93,seed-94db,https://www.oxfordshire.gov.uk/sites/default/files/file/roads-and-transport-policies-and-plans/Witney_LCWIP.pdf,,,True,"The Propensity to Cycle Tool (PCT) was used to develop the cycle desire line network by identifying routes people want to cycle, which informed the network planning stage.",,,True,Route Selection Tool (RST) and Walking Route Audit Tool (WRAT),"[""RST"", ""WRAT""]","[""Census 2011 commuting""]",True,,"{""pct"": 3, ""propensity_to_cycle_tool"": 4, ""pct_bike"": 0}",3 - Network design & mapping,False,101,"The plan identifies 101 proposed cycling and walking improvements, categorised into eleven geographical packages, and provides a prioritised list to guide future funding from sources such as developer contributions and central government bids.",,
2026,Woodstock and Surrounding Areas Local Cycling and Walking Infrastructure Plan,Oxfordshire County Council,South East,LCWIP,March 2025,7,"The cycle desire line network, which shows the routes people use to cycle, regardless of whether they are currently suitable for cycling, have been identified using the Propensity to Cycle Tool (PCT) (which uses 2011 Census journey to work data) and local knowledge.",https://www.oxfordshire.gov.uk/sites/default/files/file/roads-and-transport-policies-and-plans/WoodstockAreaLCWIP.pdf,ok,94,seed-94db,https://www.oxfordshire.gov.uk/sites/default/files/file/roads-and-transport-policies-and-plans/WoodstockAreaLCWIP.pdf,,,True,"The PCT was used to identify cycle desire lines by categorizing routes into primary, secondary, and local based on forecast flows of people cycling, using 2011 Census journey to work data as a guide supplemented by local knowledge.",,,True,Route Selection Tool (RST) and Walking Route Audit Tool (WRAT),"[""Route Selection Tool (RST)"", ""Walking Route Audit Tool (WRAT)""]","[""Census 2011 commuting""]",True,,"{""pct"": 4, ""propensity_to_cycle_tool"": 3, ""pct_bike"": 0}",3 - Network design & mapping,False,93,"The LCWIP provides a prioritised list of interventions to guide future funding, including developer contributions and central government bids, and will be used to inform the update to the West Oxfordshire Local Plan 2041.",,
2026,Local Cycling and Walking Infrastructure Plan,Plymouth City Council,South West,LCWIP,,0,,https://www.plymouth.gov.uk/local-cycling-and-walking-infrastructure-plan,ok,95,web-search,https://www.plymouth.gov.uk/local-cycling-and-walking-infrastructure-plan,,,True,,,,False,,,,,,"{""pct"": 0, ""propensity_to_cycle_tool"": 0, ""pct_bike"": 0}",0 - None,,,,,
2026,Local Cycling & Walking Infrastructure Plan,The Royal Borough of Windsor & Maidenhead,South East,LCWIP,2024-06,10,The ‘Go-Dutch’ Scenario has been used to understand which routes provide the greatest potential.,https://www.rbwm.gov.uk/sites/default/files/2024-06/transport_local_cycling_and_walking_infrastructure_plan.pdf,ok,96,seed-94db,https://www.rbwm.gov.uk/sites/default/files/2024-06/transport_local_cycling_and_walking_infrastructure_plan.pdf,,,True,The PCT was used to model demand for trips between origins and destinations to create a data-driven approach for developing a cycle network and to cross-reference with public engagement feedback to identify where interventions have the greatest potential to improve journeys.,,,True,Route Selection Tool,"[""Route Selection Tool""]","[""Census 2011 commuting"", ""School travel demand""]",True,"[""Go Dutch""]","{""pct"": 4, ""propensity_to_cycle_tool"": 6, ""pct_bike"": 0}",3 - Network design & mapping,True,12,The council allocated a £1.5 million investment in walking and cycling for the 2022/23 financial year to support the development and delivery of the first set of improvements identified in the plan.,,
2026,Rutland County Council Local Cycling and Walking Infrastructure Plan,Rutland County Council,East Midlands,LCWIP,August 2023,13,,https://www.rutland.gov.uk/sites/default/files/2025-03/ev11.7_cycling_and_walking_infrastructure_plan_august_2023.pdf,ok,97,seed-94db,https://www.rutland.gov.uk/sites/default/files/2025-03/ev11.7_cycling_and_walking_infrastructure_plan_august_2023.pdf,,,True,"The PCT was used to identify potential increases in cycling trips, forecast demand distribution, and inform the development of the cycle network by analyzing desire lines and school travel demand.",26.090 km,26.09,True,Route Selection Tool (RST) and Walking Route Assessment Tool (WRAT),"[""RST"", ""WRAT""]","[""Census 2011 commuting"", ""School travel demand""]",True,"[""Government Target"", ""Go Dutch"", ""E-bike""]","{""pct"": 8, ""propensity_to_cycle_tool"": 5, ""pct_bike"": 0}",3 - Network design & mapping,True,32,"The LCWIP has been used to identify a pipeline of investment and prioritize infrastructure improvements, such as the Oakham and Uppingham town centre routes and inter-town connections, to position the authority for future active travel funding opportunities and inform developer contributions.","£35,582,560",35582560
2026,Local Walking and Cycling Infrastructure Plan 2023,Council of the Isles of Scilly,South West,LCWIP,2023-12-14,0,,https://www.scilly.gov.uk/environment-transport/highways/local-cycling-walking-infrastructure-plan,ok,98,seed-94db,https://www.scilly.gov.uk/environment-transport/highways/local-cycling-walking-infrastructure-plan,,,True,,,,False,,,,,,"{""pct"": 0, ""propensity_to_cycle_tool"": 0, ""pct_bike"": 0}",0 - None,,,,,
2026,Local Cycling and Walking Infrastructure Plans,Somerset Council,South West,LCWIP,2025-09-24,0,,https://www.somerset.gov.uk/roads-travel-and-parking/local-cycling-and-walking-infrastructure-plans/,ok,99,web-search,https://www.somerset.gov.uk/roads-travel-and-parking/local-cycling-and-walking-infrastructure-plans/,,,True,,,,False,,,,,,"{""pct"": 0, ""propensity_to_cycle_tool"": 0, ""pct_bike"": 0}",0 - None,,,,,
2026,Newcastle-under-Lyme Town Centre Local Cycling and Walking Infrastructure Plan 2021 - 2031,Staffordshire County Council,West Midlands,LCWIP,April 2021,0,,https://www.sstaffs.gov.uk/sites/default/files/2023-03/local_cycling_and_walking_infrastructure_plan.pdf,ok,100,seed-94db,https://www.sstaffs.gov.uk/sites/default/files/2023-03/local_cycling_and_walking_infrastructure_plan.pdf,,,True,,144km,144,False,,,,,,"{""pct"": 0, ""propensity_to_cycle_tool"": 0, ""pct_bike"": 0}",0 - None,,200,,minimum £31 million,31000000
2026,Newcastle-under-Lyme Town Centre Local Cycling and Walking Infrastructure Plan 2021 - 2031,Staffordshire County Council,West Midlands,LCWIP,April 2021,0,,https://www.staffordshire.gov.uk/sites/default/files/2025-09/Local%20Cycling%20and%20Walking%20Infrastructure%20Plan%202021%20-%202031.pdf,ok,101,web-search,https://www.staffordshire.gov.uk/sites/default/files/2025-09/Local%20Cycling%20and%20Walking%20Infrastructure%20Plan%202021%20-%202031.pdf,,,True,,A combined total of 144km of cycle links has been identified throughout the six urban areas,144,False,,,,,,"{""pct"": 0, ""propensity_to_cycle_tool"": 0, ""pct_bike"": 0}",0 - None,,200,,a combined total cost of a minimum £31 million,31000000
2026,Local Cycling and Walking Infrastructure Plan 2025 – 2035,Stoke-on-Trent City Council,West Midlands,LCWIP,November 2025,0,,https://www.stoke.gov.uk/download/downloads/id/2757/draft_local_cycling_and_walking_infrastructure_plan.pdf,ok,102,web-search,https://www.stoke.gov.uk/download/downloads/id/2757/draft_local_cycling_and_walking_infrastructure_plan.pdf,,,True,,,,False,,,,,,"{""pct"": 0, ""propensity_to_cycle_tool"": 0, ""pct_bike"": 0}",0 - None,,5,,,
2026,Local Cycling and Walking Infrastructure Plan,Sunderland City Council,North East,LCWIP,2022-11-01,4,We have used the Department for Transport’s Propensity to Cycle Tool to inform the development of a draft list of proposed interventions. This has allowed us to identify routes that will promote health and economic gains.,https://www.sunderland.gov.uk/media/28328/Local-Cycling-and-Walking-Infrastructure-Plan-SCC/pdf/LocalCyclingAndWalkingInfrastructurePlan-SCC.pdf?m=638035103774900000,ok,103,seed-94db,https://www.sunderland.gov.uk/media/28328/Local-Cycling-and-Walking-Infrastructure-Plan-SCC/pdf/LocalCyclingAndWalkingInfrastructurePlan-SCC.pdf?m=638035103774900000,North East Combined Authority,,True,"The Propensity to Cycle Tool was used to inform the development of a draft list of proposed interventions and to identify routes that promote health and economic gains, such as from residential areas to the city centre and to key employment areas.",,,True,"An appraisal framework scoring schemes from 1-5 across four criteria: Effectiveness, Policy, Economic, and Deliverability.","[""Route Selection Tool (RST)"", ""Walking Route Audit Tool (WRAT)""]",,True,"[""Government Target""]","{""pct"": 0, ""propensity_to_cycle_tool"": 4, ""pct_bike"": 0}",2 - Contextual background / data input,False,9,"The Propensity to Cycle Tool was used to identify and prioritize specific routes for improvement, such as residential to city center connections and commuting routes to major employment sites like the Nissan plant and Doxford International.",,
2026,Swindon local cycling and walking infrastructure plan,Swindon Borough Council,South West,LCWIP,April 2022,0,,https://www.swindon.gov.uk/downloads/file/8394/swindon_local_cycling_and_walking_infrastructure_plan,ok,104,seed-94db,https://www.swindon.gov.uk/downloads/file/8394/swindon_local_cycling_and_walking_infrastructure_plan,,,True,,,,False,,,,,,"{""pct"": 0, ""propensity_to_cycle_tool"": 0, ""pct_bike"": 0}",0 - None,,,,,
2026,Local Cycling and Walking Infrastructure Plan (LCWIP),Three Rivers District Council,Hertfordshire,LCWIP,2025-11-11,0,,https://www.threerivers.gov.uk/news/lcwip-approved-herts-county-council,ok,105,web-search,https://www.threerivers.gov.uk/news/lcwip-approved-herts-county-council,,,True,,,,False,,,,,,"{""pct"": 0, ""propensity_to_cycle_tool"": 0, ""pct_bike"": 0}",0 - None,,,,,
2026,Thurrock Local Cycling + Walking Infrastructure Plan,Thurrock Council,East,LCWIP,January 2025,3,,https://www.thurrock.gov.uk/sites/default/files/assets/documents/thurrock_local_cycling_and_walking_infrastructure_plan_january_2025-compressed.pdf,ok,106,seed-94db,https://www.thurrock.gov.uk/sites/default/files/assets/documents/thurrock_local_cycling_and_walking_infrastructure_plan_january_2025-compressed.pdf,,,True,"Used to model potential for cycling increases and identify alignments and areas with the highest potential for more cycling, serving as a rough indication rather than a prediction.",,,True,"A numerical scoring matrix based on criteria including Local Trip Attractors, school journey benefits, delivery feasibility, cost, network benefit for cycling/walking, Place Need Classification, and obesity levels.",,"[""Census 2011 commuting""]",True,"[""Government Target""]","{""pct"": 0, ""propensity_to_cycle_tool"": 2, ""pct_bike"": 1}",2 - Contextual background / data input,False,,"The LCWIP is required for bids for government funding on transport, especially from Active Travel England (ATE), and will form part of the statutory Local Plan process to shape how new large developments take place in Thurrock.",,
2026,King’s Lynn Local Cycling and Walking Infrastructure Plan,Borough Council of King’s Lynn and West Norfolk,East of England,LCWIP,February 2022,0,,https://www.west-norfolk.gov.uk/download/downloads/id/8479/f67_-_local_cycling_and_walking_infrastructure_plan_lcwip.pdf,ok,107,seed-94db,https://www.west-norfolk.gov.uk/download/downloads/id/8479/f67_-_local_cycling_and_walking_infrastructure_plan_lcwip.pdf,,,True,,,,False,,,,,,"{""pct"": 0, ""propensity_to_cycle_tool"": 0, ""pct_bike"": 0}",0 - None,,6,,,
2026,Local Cycling & Walking Infrastructure Plan,West Berkshire Council,South East England,LCWIP,June 2021,8,The Propensity to Cycle Tool (PCT)8 is an interactive website map which forecasts which travel to work and school trips could most easily switch to cycling.,https://www.westberks.gov.uk/media/50987/Local-Cycling-Walking-Infrastructure-Plan-LCWIP-June-2021/pdf/LCWIP_June_2021.pdf?m=1623079527393,ok,108,seed-94db,https://www.westberks.gov.uk/media/50987/Local-Cycling-Walking-Infrastructure-Plan-LCWIP-June-2021/pdf/LCWIP_June_2021.pdf?m=1623079527393,,,True,"The PCT was used to forecast potential levels of cycling growth, identify travel to work and school trips that could most easily switch to cycling, and identify corridors with the most significant forecast demand for the network planning process.",,,True,"Route Selection Tool (RST), Walking Route Audit Tool (WRAT), and a prioritisation matrix based on scheme impact, policy alignment, and deliverability.","[""RST"", ""WRAT""]","[""Census 2011 commuting"", ""School travel demand""]",False,"[""Go Dutch""]","{""pct"": 4, ""propensity_to_cycle_tool"": 3, ""pct_bike"": 1}",2 - Contextual background / data input,False,7,"The council secured £124,000 in Active Travel Fund phase 1 funding to introduce light segregation along the A4 between Colthrop and Thatcham, and completed several infrastructure projects including the Hampstead Norreys to Hermitage Path, Kennet & Avon Canal towpath upgrades, and the installation of cycle hubs at Newbury Railway Station.",,
2026,West of England Local Cycling and Walking Infrastructure Plan 2020-2036,"Bath & North East Somerset, Bristol City, South Gloucestershire, North Somerset Council",West of England,LCWIP,January 2021,0,,https://www.westofengland-ca.gov.uk/wp-content/uploads/2021/09/West-of-England-Local-Cycling-and-Walking-Infrastructure-Plan-2020-2036.pdf,ok,109,seed-94db,https://www.westofengland-ca.gov.uk/wp-content/uploads/2021/09/West-of-England-Local-Cycling-and-Walking-Infrastructure-Plan-2020-2036.pdf,West of England Combined Authority (WECA),,True,,,,False,,,,,,"{""pct"": 0, ""propensity_to_cycle_tool"": 0, ""pct_bike"": 0}",0 - None,,55,,£411m,411000000
2026,West Sussex Local Cycling and Walking Infrastructure Plan (LCWIP),West Sussex County Council,South East England,LCWIP,2024,1,The DfT’s Propensity for Cycling Tool was also used to form a general understanding of the current and future potential demand for journeys along each corridor.,https://www.westsussex.gov.uk/media/chjdcz0u/local_cycling_and_walking_infrastructure_plan.pdf,ok,110,seed-94db,https://www.westsussex.gov.uk/media/chjdcz0u/local_cycling_and_walking_infrastructure_plan.pdf,,,True,The Propensity for Cycling Tool was used to form a general understanding of current and future potential demand for journeys along each corridor as a validation exercise to explore the potential increase in cycling journeys resulting from infrastructure enhancements.,,,True,"Sustrans 'Rate' Tool, DfT's Route Selection Tool (RST), and the LCWIP Multi-Criteria Appraisal Framework (MCAF)","[""Sustrans Rate Tool"", ""Route Selection Tool (RST)""]",,False,,"{""pct"": 0, ""propensity_to_cycle_tool"": 1, ""pct_bike"": 0}",2 - Contextual background / data input,False,6,"Funding was secured for upgrades to active travel infrastructure between Findon Valley and Findon Village as part of the government’s Active Travel Fund tranche 2 award, with construction completed in early 2023.","£43,800,000 to £82,625,000",82625000
2026,,City of Bradford Metropolitan District Council / West Yorkshire Combined Authority,,other,2020-08-01,0,,https://www.westyorks-ca.gov.uk/media/3424/bradford-phase-one-lcwip-final.pdf,failed,111,seed-94db,https://www.westyorks-ca.gov.uk/media/3424/bradford-phase-one-lcwip-final.pdf,,,True,,,,False,,,,,,"{""pct"": 0, ""propensity_to_cycle_tool"": 0, ""pct_bike"": 0}",0 - None,,,,,
2026,,Wakefield Council / West Yorkshire Combined Authority,,other,2020-08-01,0,,https://www.westyorks-ca.gov.uk/media/3428/wakefield-phase-one-lcwip-final.pdf,failed,112,seed-94db,https://www.westyorks-ca.gov.uk/media/3428/wakefield-phase-one-lcwip-final.pdf,,,True,,,,False,,,,,,"{""pct"": 0, ""propensity_to_cycle_tool"": 0, ""pct_bike"": 0}",0 - None,,,,,
2026,,Kirklees Council / West Yorkshire Combined Authority,,other,2020-08-01,0,,https://www.westyorks-ca.gov.uk/media/5792/kirklees-local-cycling-and-walking-infrastructure-plan.pdf,failed,118,seed-94db,https://www.westyorks-ca.gov.uk/media/5792/kirklees-local-cycling-and-walking-infrastructure-plan.pdf,,,True,,,,False,,,,,,"{""pct"": 0, ""propensity_to_cycle_tool"": 0, ""pct_bike"": 0}",0 - None,,,,,
2026,,Leeds City Council / West Yorkshire Combined Authority,,other,2022-10-01,0,,https://www.westyorks-ca.gov.uk/media/5793/leeds-local-cycling-and-walking-infrastructure-plan.pdf,failed,119,seed-94db,https://www.westyorks-ca.gov.uk/media/5793/leeds-local-cycling-and-walking-infrastructure-plan.pdf,,,True,,,,False,,,,,,"{""pct"": 0, ""propensity_to_cycle_tool"": 0, ""pct_bike"": 0}",0 - None,,,,,
2026,,Calderdale Council / West Yorkshire Combined Authority,,other,2020-08-01,0,,https://www.westyorks-ca.gov.uk/media/5796/calderdale-local-cycling-and-walking-infrastructure-plan.pdf,failed,120,seed-94db,https://www.westyorks-ca.gov.uk/media/5796/calderdale-local-cycling-and-walking-infrastructure-plan.pdf,,,True,,,,False,,,,,,"{""pct"": 0, ""propensity_to_cycle_tool"": 0, ""pct_bike"": 0}",0 - None,,,,,
2026,Redditch Local Cycling and Walking Infrastructure Plan (LCWIP) 2025,Worcestershire County Council,West Midlands,LCWIP,2025,70,"The PCT is an assessment tool that helps understand cycling trends by using information from the 2011 census. It analyses how people travel to work and school, highlighting the most likely routes for cycling.",https://www.worcestershire.gov.uk/sites/default/files/2025-10/redditch_lcwip_final.pdf,ok,124,web-search,https://www.worcestershire.gov.uk/sites/default/files/2025-10/redditch_lcwip_final.pdf,,,True,"The PCT was used to model cycling trends, forecast potential cycling trips for work and school journeys under different scenarios, and identify popular cycling routes to inform the development of the LCWIP cycling network.",10 primary cycling routes (approx. 45kms) 11 secondary and 12 link cycling routes (approx. 42kms),87,True,"Sustrans 2023 Paths for Everyone Cost calculator, Healthy Streets Assessment Toolkit, and a prioritisation matrix based on 11 quality criteria and AMAT (Active Mode Appraisal Toolkit) scores.","[""DataShine Commute Tool"", ""Active Travel England Uplifts Tool"", ""Active Mode Appraisal Toolkit (AMAT)"", ""Cycle and Foot Uplift Tool (CFUT)"", ""Healthy Streets Assessment Toolkit""]","[""Census 2011 commuting"", ""School travel demand""]",False,"[""Baseline"", ""Government Target"", ""Go Dutch""]","{""pct"": 59, ""propensity_to_cycle_tool"": 11, ""pct_bike"": 0}",3 - Network design & mapping,True,33,"The 2023 public engagement exercise resulted in alterations to the emerging LCWIP network, including the addition of a new northwest corridor (10) and significant changes to corridors 1 and 3.",£43.76m (primary) + £27.32m (secondary and link) + £5.2m (walking and wheeling) = £76.28m,76280000
2026,Hull LCWIP (Consultation Draft June 2025),Hull City Council,Yorkshire and the Humber,LCWIP,June 2025,0,,https://yoursay.hull.gov.uk/42351/widgets/125945/documents/85658,ok,125,seed-94db,https://yoursay.hull.gov.uk/42351/widgets/125945/documents/85658,,,True,,,,False,,,,,,"{""pct"": 0, ""propensity_to_cycle_tool"": 0, ""pct_bike"": 0}",0 - None,,,,,
2026,,Kirklees Council / West Yorkshire Combined Authority,,other,2020-08-01,0,,https://www.westyorks-ca.gov.uk/media/5792/kirklees-local-cycling-and-walking-infrastructure-plan.pdf,failed,118,seed-94db,https://www.westyorks-ca.gov.uk/media/5792/kirklees-local-cycling-and-walking-infrastructure-plan.pdf,,,True,,,,False,,,,,,"{""pct"": 0, ""propensity_to_cycle_tool"": 0, ""pct_bike"": 0}",0 - None,,,,,
2026,,Leeds City Council / West Yorkshire Combined Authority,,other,2022-10-01,0,,https://www.westyorks-ca.gov.uk/media/5793/leeds-local-cycling-and-walking-infrastructure-plan.pdf,failed,119,seed-94db,https://www.westyorks-ca.gov.uk/media/5793/leeds-local-cycling-and-walking-infrastructure-plan.pdf,,,True,,,,False,,,,,,"{""pct"": 0, ""propensity_to_cycle_tool"": 0, ""pct_bike"": 0}",0 - None,,,,,
2026,,Calderdale Council / West Yorkshire Combined Authority,,other,2020-08-01,0,,https://www.westyorks-ca.gov.uk/media/5796/calderdale-local-cycling-and-walking-infrastructure-plan.pdf,failed,120,seed-94db,https://www.westyorks-ca.gov.uk/media/5796/calderdale-local-cycling-and-walking-infrastructure-plan.pdf,,,True,,,,False,,,,,,"{""pct"": 0, ""propensity_to_cycle_tool"": 0, ""pct_bike"": 0}",0 - None,,,,,
2026,,,,other,,0,,https://www.wiltshire.gov.uk/media/10839/amesbury-lcwip.pdf,failed,121,web-search,https://www.wiltshire.gov.uk/media/10839/amesbury-lcwip.pdf,,,True,,,,False,,,,,,"{""pct"": 0, ""propensity_to_cycle_tool"": 0, ""pct_bike"": 0}",0 - None,,,,,
2026,,,,other,,0,,https://www.wiltshire.gov.uk/media/10840/devizes-lcwip.pdf,failed,122,web-search,https://www.wiltshire.gov.uk/media/10840/devizes-lcwip.pdf,,,True,,,,False,,,,,,"{""pct"": 0, ""propensity_to_cycle_tool"": 0, ""pct_bike"": 0}",0 - None,,,,,
2026,,,,other,,0,,https://www.wiltshire.gov.uk/media/10841/trowbridge-lcwip.pdf,failed,123,web-search,https://www.wiltshire.gov.uk/media/10841/trowbridge-lcwip.pdf,,,True,,,,False,,,,,,"{""pct"": 0, ""propensity_to_cycle_tool"": 0, ""pct_bike"": 0}",0 - None,,,,,
2026,Redditch Local Cycling and Walking Infrastructure Plan (LCWIP) 2025,Worcestershire County Council,West Midlands,LCWIP,2025,70,"The PCT is an assessment tool that helps understand cycling trends by using information from the 2011 census. It analyses how people travel to work and school, highlighting the most likely routes for cycling.",https://www.worcestershire.gov.uk/sites/default/files/2025-10/redditch_lcwip_final.pdf,ok,124,web-search,https://www.worcestershire.gov.uk/sites/default/files/2025-10/redditch_lcwip_final.pdf,,,True,"The PCT was used to model cycling trends, forecast potential cycling trips for work and school journeys under different scenarios, and identify popular cycling routes to inform the development of the LCWIP cycling network.",10 primary cycling routes (approx. 45kms) 11 secondary and 12 link cycling routes (approx. 42kms),87,True,"Sustrans 2023 Paths for Everyone Cost calculator, Healthy Streets Assessment Toolkit, and a prioritisation matrix based on 11 quality criteria and AMAT (Active Mode Appraisal Toolkit) scores.","[""DataShine Commute Tool"", ""Active Travel England Uplifts Tool"", ""Active Mode Appraisal Toolkit (AMAT)"", ""Cycle and Foot Uplift Tool (CFUT)"", ""Healthy Streets Assessment Toolkit""]","[""Census 2011 commuting"", ""School travel demand""]",False,"[""Baseline"", ""Government Target"", ""Go Dutch""]","{""pct"": 59, ""propensity_to_cycle_tool"": 11, ""pct_bike"": 0}",3 - Network design & mapping,True,33,"The 2023 public engagement exercise resulted in alterations to the emerging LCWIP network, including the addition of a new northwest corridor (10) and significant changes to corridors 1 and 3.",£43.76m (primary) + £27.32m (secondary and link) + £5.2m (walking and wheeling) = £76.28m,76280000
2026,Hull LCWIP (Consultation Draft June 2025),Hull City Council,Yorkshire and the Humber,LCWIP,June 2025,0,,https://yoursay.hull.gov.uk/42351/widgets/125945/documents/85658,ok,125,seed-94db,https://yoursay.hull.gov.uk/42351/widgets/125945/documents/85658,,,True,,,,False,,,,,,"{""pct"": 0, ""propensity_to_cycle_tool"": 0, ""pct_bike"": 0}",0 - None,,,,,
